TAA_ID,TAA_DATE,TAA_SHIFT,TAA_WKNO,TAA_CHE_TYPE,TAA_MOVE_KIND,TAA_AGV_ID,TAA_DRIVER,TAA_DRIVENAME,TAA_CNTRID,TAA_AGO_GROUP_ID,TAA_CSIZECD,TAA_CSTATUSCD,TAA_DNGCD,TAA_OVLMTCD,TAA_CTYPECD,TAA_SETTMPT,TAA_WK_STTIME,TAA_WK_EDTIME,TAA_FREE1_ARRTIME,TAA_FREE1_EDTIME,TAA_FREE2_ARRTIME,TAA_FREE2_EDTIME,TAA_FULL1_ARRTIME,TAA_FULL1_EDTIME,TAA_FULL2_ARRTIME,TAA_FULL2_EDTIME,TAA_CONTRACTOR,TAA_VOY_ID,TAA_CNL_WAIT_SECONDS,TAA_CNL_AGO_ID,TAA_PRIOR_EDTIME,TAA_VALIDFG,TAA_WI_ID,TAA_ORC_ID,TAA_CNTRNO,TAA_CREATEUSER,TAA_FREE_PB_ARRTIME,TAA_FREE_PB_EDTIME,TAA_FULL_PB_ARRTIME,TAA_FULL_PB_EDTIME,TAA_FREE1_ST_TP_ID,TAA_FREE1_ED_TP_ID,TAA_FREE2_ST_TP_ID,TAA_FREE2_ED_TP_ID,TAA_FULL1_ST_TP_ID,TAA_FULL1_ED_TP_ID,TAA_FULL2_ST_TP_ID,TAA_FULL2_ED_TP_ID,TAA_FREE_PB_ID,TAA_FULL_PB_ID,TAA_MILEAGE,TAA_CREATEDT
"TAA-20260910-000001","2026-09-10",2,"W01","AGV","IMPORT","AGV-001","SIM","Simulation AGV","CNTR-0000001","AGO-G-01","20","FULL","N","N","20GP","","2026-09-10 00:00:00","2026-09-10 00:28:06","2026-09-10 00:00:00","2026-09-10 00:00:10","2026-09-10 00:11:14","2026-09-10 00:11:24","2026-09-10 00:02:00","2026-09-10 00:02:18","2026-09-10 00:03:02","2026-09-10 00:03:22","SYNTHETIC","VOY-001",4,"AGO-000001","2026-09-10 00:03:00","Y","WI-0000001","ORC-0000001","SYN0000001","SIMULATOR","2026-09-10 00:00:05","2026-09-10 00:00:08","2026-09-10 00:01:52","2026-09-10 00:01:57","TP-F1-S-1","TP-F1-E-1","TP-F2-S-1","TP-F2-E-1","TP-L1-S-1","TP-L1-E-1","TP-L2-S-1","TP-L2-E-1","PB-FREE-01","PB-FULL-01",9697.3,"2026-09-10 00:00:00"
"TAA-20260910-000002","2026-09-10",2,"W02","AGV","EXPORT","AGV-002","SIM","Simulation AGV","CNTR-0000002","AGO-G-02","40","FULL","N","N","40HQ","","2026-09-10 00:00:12","2026-09-10 00:27:34","2026-09-10 00:00:12","2026-09-10 00:00:22","2026-09-10 00:11:32","2026-09-10 00:11:42","2026-09-10 00:03:24","2026-09-10 00:03:42","2026-09-10 00:04:53","2026-09-10 00:05:13","SYNTHETIC","VOY-002",5,"AGO-000002","2026-09-10 00:03:12","Y","WI-0000002","ORC-0000002","SYN0000002","SIMULATOR","2026-09-10 00:00:17","2026-09-10 00:00:20","2026-09-10 00:03:16","2026-09-10 00:03:21","TP-F1-S-2","TP-F1-E-2","TP-F2-S-2","TP-F2-E-2","TP-L1-S-2","TP-L1-E-2","TP-L2-S-2","TP-L2-E-2","PB-FREE-02","PB-FULL-02",9566,"2026-09-10 00:00:00"
"TAA-20260910-000003","2026-09-10",2,"W03","AGV","IMPORT","AGV-003","SIM","Simulation AGV","CNTR-0000003","AGO-G-03","40","FULL","N","N","40HQ","","2026-09-10 00:00:24","2026-09-10 00:27:52","2026-09-10 00:00:24","2026-09-10 00:00:34","2026-09-10 00:11:21","2026-09-10 00:11:31","2026-09-10 00:04:28","2026-09-10 00:04:46","2026-09-10 00:06:16","2026-09-10 00:06:36","SYNTHETIC","VOY-003",6,"AGO-000003","2026-09-10 00:03:24","Y","WI-0000003","ORC-0000003","SYN0000003","SIMULATOR","2026-09-10 00:00:29","2026-09-10 00:00:32","2026-09-10 00:04:20","2026-09-10 00:04:25","TP-F1-S-3","TP-F1-E-3","TP-F2-S-3","TP-F2-E-3","TP-L1-S-3","TP-L1-E-3","TP-L2-S-3","TP-L2-E-3","PB-FREE-03","PB-FULL-03",9634.8,"2026-09-10 00:00:00"
"TAA-20260910-000004","2026-09-10",2,"W04","AGV","EXPORT","AGV-004","SIM","Simulation AGV","CNTR-0000004","AGO-G-04","20","FULL","N","N","20GP","","2026-09-10 00:00:36","2026-09-10 00:27:01","2026-09-10 00:00:36","2026-09-10 00:00:46","2026-09-10 00:12:04","2026-09-10 00:12:14","2026-09-10 00:05:42","2026-09-10 00:06:00","2026-09-10 00:07:53","2026-09-10 00:08:13","SYNTHETIC","VOY-004",7,"AGO-000004","2026-09-10 00:03:36","Y","WI-0000004","ORC-0000004","SYN0000004","SIMULATOR","2026-09-10 00:00:41","2026-09-10 00:00:44","2026-09-10 00:05:34","2026-09-10 00:05:39","TP-F1-S-4","TP-F1-E-4","TP-F2-S-4","TP-F2-E-4","TP-L1-S-4","TP-L1-E-4","TP-L2-S-4","TP-L2-E-4","PB-FREE-04","PB-FULL-04",9303.7,"2026-09-10 00:00:00"
"TAA-20260910-000005","2026-09-10",2,"W05","AGV","IMPORT","AGV-005","SIM","Simulation AGV","CNTR-0000005","AGO-G-05","40","FULL","N","N","40HQ","","2026-09-10 00:00:48","2026-09-10 00:27:58","2026-09-10 00:00:48","2026-09-10 00:00:58","2026-09-10 00:12:24","2026-09-10 00:12:34","2026-09-10 00:02:59","2026-09-10 00:03:17","2026-09-10 00:04:06","2026-09-10 00:04:26","SYNTHETIC","VOY-005",8,"AGO-000005","2026-09-10 00:03:48","Y","WI-0000005","ORC-0000005","SYN0000005","SIMULATOR","2026-09-10 00:00:53","2026-09-10 00:00:56","2026-09-10 00:02:51","2026-09-10 00:02:56","TP-F1-S-5","TP-F1-E-5","TP-F2-S-5","TP-F2-E-5","TP-L1-S-5","TP-L1-E-5","TP-L2-S-5","TP-L2-E-5","PB-FREE-05","PB-FULL-05",9390.6,"2026-09-10 00:00:00"
"TAA-20260910-000006","2026-09-10",2,"W06","AGV","EXPORT","AGV-006","SIM","Simulation AGV","CNTR-0000006","AGO-G-06","40","FULL","N","N","40HQ","","2026-09-10 00:01:00","2026-09-10 00:27:25","2026-09-10 00:01:00","2026-09-10 00:01:10","2026-09-10 00:11:34","2026-09-10 00:11:44","2026-09-10 00:04:00","2026-09-10 00:04:18","2026-09-10 00:05:24","2026-09-10 00:05:44","SYNTHETIC","VOY-006",9,"AGO-000006","2026-09-10 00:04:00","Y","WI-0000006","ORC-0000006","SYN0000006","SIMULATOR","2026-09-10 00:01:05","2026-09-10 00:01:08","2026-09-10 00:03:52","2026-09-10 00:03:57","TP-F1-S-6","TP-F1-E-6","TP-F2-S-6","TP-F2-E-6","TP-L1-S-6","TP-L1-E-6","TP-L2-S-6","TP-L2-E-6","PB-FREE-06","PB-FULL-06",9166,"2026-09-10 00:00:00"
"TAA-20260910-000007","2026-09-10",2,"W07","AGV","IMPORT","AGV-007","SIM","Simulation AGV","CNTR-0000007","AGO-G-07","20","FULL","N","N","20GP","","2026-09-10 00:01:12","2026-09-10 00:25:44","2026-09-10 00:01:12","2026-09-10 00:01:22","2026-09-10 00:11:37","2026-09-10 00:11:47","2026-09-10 00:05:04","2026-09-10 00:05:22","2026-09-10 00:06:47","2026-09-10 00:07:07","SYNTHETIC","VOY-007",10,"AGO-000007","2026-09-10 00:04:12","Y","WI-0000007","ORC-0000007","SYN0000007","SIMULATOR","2026-09-10 00:01:17","2026-09-10 00:01:20","2026-09-10 00:04:56","2026-09-10 00:05:01","TP-F1-S-7","TP-F1-E-7","TP-F2-S-7","TP-F2-E-7","TP-L1-S-7","TP-L1-E-7","TP-L2-S-7","TP-L2-E-7","PB-FREE-07","PB-FULL-07",8535.8,"2026-09-10 00:00:00"
"TAA-20260910-000008","2026-09-10",2,"W08","AGV","EXPORT","AGV-008","SIM","Simulation AGV","CNTR-0000008","AGO-G-08","40","FULL","N","N","40HQ","","2026-09-10 00:01:24","2026-09-10 00:25:21","2026-09-10 00:01:24","2026-09-10 00:01:34","2026-09-10 00:11:58","2026-09-10 00:12:08","2026-09-10 00:06:14","2026-09-10 00:06:32","2026-09-10 00:08:19","2026-09-10 00:08:39","SYNTHETIC","VOY-008",11,"AGO-000008","2026-09-10 00:04:24","Y","WI-0000008","ORC-0000008","SYN0000008","SIMULATOR","2026-09-10 00:01:29","2026-09-10 00:01:32","2026-09-10 00:06:06","2026-09-10 00:06:11","TP-F1-S-8","TP-F1-E-8","TP-F2-S-8","TP-F2-E-8","TP-L1-S-8","TP-L1-E-8","TP-L2-S-8","TP-L2-E-8","PB-FREE-08","PB-FULL-08",8443,"2026-09-10 00:00:00"
"TAA-20260910-000009","2026-09-10",2,"W01","AGV","IMPORT","AGV-009","SIM","Simulation AGV","CNTR-0000009","AGO-G-09","40","FULL","N","N","40HQ","","2026-09-10 00:01:36","2026-09-10 00:28:48","2026-09-10 00:01:36","2026-09-10 00:01:46","2026-09-10 00:13:39","2026-09-10 00:13:49","2026-09-10 00:05:25","2026-09-10 00:05:43","2026-09-10 00:07:07","2026-09-10 00:07:27","SYNTHETIC","VOY-009",12,"AGO-000009","2026-09-10 00:04:36","Y","WI-0000009","ORC-0000009","SYN0000009","SIMULATOR","2026-09-10 00:01:41","2026-09-10 00:01:44","2026-09-10 00:05:17","2026-09-10 00:05:22","TP-F1-S-9","TP-F1-E-9","TP-F2-S-9","TP-F2-E-9","TP-L1-S-9","TP-L1-E-9","TP-L2-S-9","TP-L2-E-9","PB-FREE-09","PB-FULL-09",9453.2,"2026-09-10 00:00:00"
"TAA-20260910-000010","2026-09-10",2,"W02","AGV","EXPORT","AGV-010","SIM","Simulation AGV","CNTR-0000010","AGO-G-10","20","FULL","N","N","20GP","","2026-09-10 00:01:48","2026-09-10 00:24:35","2026-09-10 00:01:48","2026-09-10 00:01:58","2026-09-10 00:11:23","2026-09-10 00:11:33","2026-09-10 00:04:57","2026-09-10 00:05:15","2026-09-10 00:06:25","2026-09-10 00:06:45","SYNTHETIC","VOY-010",13,"AGO-000010","2026-09-10 00:04:48","Y","WI-0000010","ORC-0000010","SYN0000010","SIMULATOR","2026-09-10 00:01:53","2026-09-10 00:01:56","2026-09-10 00:04:49","2026-09-10 00:04:54","TP-F1-S-10","TP-F1-E-10","TP-F2-S-10","TP-F2-E-10","TP-L1-S-10","TP-L1-E-10","TP-L2-S-10","TP-L2-E-10","PB-FREE-10","PB-FULL-10",7853.3,"2026-09-10 00:00:00"
"TAA-20260910-000011","2026-09-10",2,"W03","AGV","IMPORT","AGV-011","SIM","Simulation AGV","CNTR-0000011","AGO-G-11","40","FULL","N","N","40HQ","","2026-09-10 00:02:00","2026-09-10 00:23:13","2026-09-10 00:02:00","2026-09-10 00:02:10","2026-09-10 00:10:54","2026-09-10 00:11:04","2026-09-10 00:05:47","2026-09-10 00:06:05","2026-09-10 00:07:29","2026-09-10 00:07:49","SYNTHETIC","VOY-011",14,"AGO-000011","2026-09-10 00:05:00","Y","WI-0000011","ORC-0000011","SYN0000011","SIMULATOR","2026-09-10 00:02:05","2026-09-10 00:02:08","2026-09-10 00:05:39","2026-09-10 00:05:44","TP-F1-S-11","TP-F1-E-11","TP-F2-S-11","TP-F2-E-11","TP-L1-S-11","TP-L1-E-11","TP-L2-S-11","TP-L2-E-11","PB-FREE-11","PB-FULL-11",7397.2,"2026-09-10 00:00:00"
"TAA-20260910-000012","2026-09-10",2,"W04","AGV","EXPORT","AGV-012","SIM","Simulation AGV","CNTR-0000012","AGO-G-12","40","FULL","N","N","40HQ","","2026-09-10 00:02:12","2026-09-10 00:23:47","2026-09-10 00:02:12","2026-09-10 00:02:22","2026-09-10 00:10:58","2026-09-10 00:11:08","2026-09-10 00:07:01","2026-09-10 00:07:19","2026-09-10 00:09:06","2026-09-10 00:09:26","SYNTHETIC","VOY-012",15,"AGO-000012","2026-09-10 00:05:12","Y","WI-0000012","ORC-0000012","SYN0000012","SIMULATOR","2026-09-10 00:02:17","2026-09-10 00:02:20","2026-09-10 00:06:53","2026-09-10 00:06:58","TP-F1-S-12","TP-F1-E-12","TP-F2-S-12","TP-F2-E-12","TP-L1-S-12","TP-L1-E-12","TP-L2-S-12","TP-L2-E-12","PB-FREE-12","PB-FULL-12",7570.8,"2026-09-10 00:00:00"
"TAA-20260910-000013","2026-09-10",2,"W05","AGV","IMPORT","AGV-013","SIM","Simulation AGV","CNTR-0000013","AGO-G-13","20","FULL","N","N","20GP","","2026-09-10 00:02:24","2026-09-10 00:28:24","2026-09-10 00:02:24","2026-09-10 00:02:34","2026-09-10 00:15:04","2026-09-10 00:15:14","2026-09-10 00:05:36","2026-09-10 00:05:54","2026-09-10 00:07:04","2026-09-10 00:07:24","SYNTHETIC","VOY-013",4,"AGO-000013","2026-09-10 00:05:24","Y","WI-0000013","ORC-0000013","SYN0000013","SIMULATOR","2026-09-10 00:02:29","2026-09-10 00:02:32","2026-09-10 00:05:28","2026-09-10 00:05:33","TP-F1-S-13","TP-F1-E-13","TP-F2-S-13","TP-F2-E-13","TP-L1-S-13","TP-L1-E-13","TP-L2-S-13","TP-L2-E-13","PB-FREE-01","PB-FULL-01",8917.5,"2026-09-10 00:00:00"
"TAA-20260910-000014","2026-09-10",2,"W06","AGV","EXPORT","AGV-014","SIM","Simulation AGV","CNTR-0000014","AGO-G-14","40","FULL","N","N","40HQ","","2026-09-10 00:02:36","2026-09-10 00:24:22","2026-09-10 00:02:36","2026-09-10 00:02:46","2026-09-10 00:12:06","2026-09-10 00:12:16","2026-09-10 00:04:37","2026-09-10 00:04:55","2026-09-10 00:05:39","2026-09-10 00:05:59","SYNTHETIC","VOY-014",5,"AGO-000014","2026-09-10 00:05:36","Y","WI-0000014","ORC-0000014","SYN0000014","SIMULATOR","2026-09-10 00:02:41","2026-09-10 00:02:44","2026-09-10 00:04:29","2026-09-10 00:04:34","TP-F1-S-14","TP-F1-E-14","TP-F2-S-14","TP-F2-E-14","TP-L1-S-14","TP-L1-E-14","TP-L2-S-14","TP-L2-E-14","PB-FREE-02","PB-FULL-02",7423.3,"2026-09-10 00:00:00"
"TAA-20260910-000015","2026-09-10",2,"W07","AGV","IMPORT","AGV-015","SIM","Simulation AGV","CNTR-0000015","AGO-G-15","40","FULL","N","N","40HQ","","2026-09-10 00:02:48","2026-09-10 00:23:10","2026-09-10 00:02:48","2026-09-10 00:02:58","2026-09-10 00:10:31","2026-09-10 00:10:41","2026-09-10 00:04:37","2026-09-10 00:04:55","2026-09-10 00:05:36","2026-09-10 00:05:56","SYNTHETIC","VOY-015",6,"AGO-000015","2026-09-10 00:05:48","Y","WI-0000015","ORC-0000015","SYN0000015","SIMULATOR","2026-09-10 00:02:53","2026-09-10 00:02:56","2026-09-10 00:04:29","2026-09-10 00:04:34","TP-F1-S-15","TP-F1-E-15","TP-F2-S-15","TP-F2-E-15","TP-L1-S-15","TP-L1-E-15","TP-L2-S-15","TP-L2-E-15","PB-FREE-03","PB-FULL-03",6903.1,"2026-09-10 00:00:00"
"TAA-20260910-000016","2026-09-10",2,"W08","AGV","EXPORT","AGV-016","SIM","Simulation AGV","CNTR-0000016","AGO-G-16","20","FULL","N","N","20GP","","2026-09-10 00:03:00","2026-09-10 00:22:21","2026-09-10 00:03:00","2026-09-10 00:03:10","2026-09-10 00:11:15","2026-09-10 00:11:25","2026-09-10 00:05:51","2026-09-10 00:06:09","2026-09-10 00:07:13","2026-09-10 00:07:33","SYNTHETIC","VOY-016",7,"AGO-000016","2026-09-10 00:06:00","Y","WI-0000016","ORC-0000016","SYN0000016","SIMULATOR","2026-09-10 00:03:05","2026-09-10 00:03:08","2026-09-10 00:05:43","2026-09-10 00:05:48","TP-F1-S-16","TP-F1-E-16","TP-F2-S-16","TP-F2-E-16","TP-L1-S-16","TP-L1-E-16","TP-L2-S-16","TP-L2-E-16","PB-FREE-04","PB-FULL-04",6586,"2026-09-10 00:00:00"
"TAA-20260910-000017","2026-09-10",2,"W01","AGV","IMPORT","AGV-017","SIM","Simulation AGV","CNTR-0000017","AGO-G-17","40","FULL","N","N","40HQ","","2026-09-10 00:03:12","2026-09-10 00:29:57","2026-09-10 00:03:12","2026-09-10 00:03:22","2026-09-10 00:17:43","2026-09-10 00:17:53","2026-09-10 00:07:38","2026-09-10 00:07:56","2026-09-10 00:09:34","2026-09-10 00:09:54","SYNTHETIC","VOY-017",8,"AGO-000017","2026-09-10 00:06:12","Y","WI-0000017","ORC-0000017","SYN0000017","SIMULATOR","2026-09-10 00:03:17","2026-09-10 00:03:20","2026-09-10 00:07:30","2026-09-10 00:07:35","TP-F1-S-17","TP-F1-E-17","TP-F2-S-17","TP-F2-E-17","TP-L1-S-17","TP-L1-E-17","TP-L2-S-17","TP-L2-E-17","PB-FREE-05","PB-FULL-05",9261.2,"2026-09-10 00:00:00"
"TAA-20260910-000018","2026-09-10",2,"W02","AGV","EXPORT","AGV-018","SIM","Simulation AGV","CNTR-0000018","AGO-G-18","40","FULL","N","N","40HQ","","2026-09-10 00:03:24","2026-09-10 00:26:04","2026-09-10 00:03:24","2026-09-10 00:03:34","2026-09-10 00:13:45","2026-09-10 00:13:55","2026-09-10 00:06:20","2026-09-10 00:06:38","2026-09-10 00:07:42","2026-09-10 00:08:02","SYNTHETIC","VOY-018",9,"AGO-000018","2026-09-10 00:06:24","Y","WI-0000018","ORC-0000018","SYN0000018","SIMULATOR","2026-09-10 00:03:29","2026-09-10 00:03:32","2026-09-10 00:06:12","2026-09-10 00:06:17","TP-F1-S-18","TP-F1-E-18","TP-F2-S-18","TP-F2-E-18","TP-L1-S-18","TP-L1-E-18","TP-L2-S-18","TP-L2-E-18","PB-FREE-06","PB-FULL-06",7727.8,"2026-09-10 00:00:00"
"TAA-20260910-000019","2026-09-10",2,"W03","AGV","IMPORT","AGV-019","SIM","Simulation AGV","CNTR-0000019","AGO-G-19","20","FULL","N","N","20GP","","2026-09-10 00:03:36","2026-09-10 00:21:55","2026-09-10 00:03:36","2026-09-10 00:03:46","2026-09-10 00:11:28","2026-09-10 00:11:38","2026-09-10 00:05:40","2026-09-10 00:05:58","2026-09-10 00:06:44","2026-09-10 00:07:04","SYNTHETIC","VOY-001",10,"AGO-000019","2026-09-10 00:06:36","Y","WI-0000019","ORC-0000019","SYN0000019","SIMULATOR","2026-09-10 00:03:41","2026-09-10 00:03:44","2026-09-10 00:05:32","2026-09-10 00:05:37","TP-F1-S-19","TP-F1-E-19","TP-F2-S-19","TP-F2-E-19","TP-L1-S-19","TP-L1-E-19","TP-L2-S-19","TP-L2-E-19","PB-FREE-07","PB-FULL-07",6134.4,"2026-09-10 00:00:00"
"TAA-20260910-000020","2026-09-10",2,"W04","AGV","EXPORT","AGV-020","SIM","Simulation AGV","CNTR-0000020","AGO-G-20","40","FULL","N","N","40HQ","","2026-09-10 00:03:48","2026-09-10 00:20:58","2026-09-10 00:03:48","2026-09-10 00:03:58","2026-09-10 00:11:14","2026-09-10 00:11:24","2026-09-10 00:06:24","2026-09-10 00:06:42","2026-09-10 00:07:39","2026-09-10 00:07:59","SYNTHETIC","VOY-002",11,"AGO-000020","2026-09-10 00:06:48","Y","WI-0000020","ORC-0000020","SYN0000020","SIMULATOR","2026-09-10 00:03:53","2026-09-10 00:03:56","2026-09-10 00:06:16","2026-09-10 00:06:21","TP-F1-S-20","TP-F1-E-20","TP-F2-S-20","TP-F2-E-20","TP-L1-S-20","TP-L1-E-20","TP-L2-S-20","TP-L2-E-20","PB-FREE-08","PB-FULL-08",5808.8,"2026-09-10 00:00:00"
"TAA-20260910-000021","2026-09-10",2,"W05","AGV","IMPORT","AGV-021","SIM","Simulation AGV","CNTR-0000021","AGO-G-21","40","FULL","N","N","40HQ","","2026-09-10 00:04:00","2026-09-10 00:30:51","2026-09-10 00:04:00","2026-09-10 00:04:10","2026-09-10 00:18:52","2026-09-10 00:19:02","2026-09-10 00:09:54","2026-09-10 00:10:12","2026-09-10 00:12:23","2026-09-10 00:12:43","SYNTHETIC","VOY-003",12,"AGO-000021","2026-09-10 00:07:00","Y","WI-0000021","ORC-0000021","SYN0000021","SIMULATOR","2026-09-10 00:04:05","2026-09-10 00:04:08","2026-09-10 00:09:46","2026-09-10 00:09:51","TP-F1-S-21","TP-F1-E-21","TP-F2-S-21","TP-F2-E-21","TP-L1-S-21","TP-L1-E-21","TP-L2-S-21","TP-L2-E-21","PB-FREE-09","PB-FULL-09",9330.6,"2026-09-10 00:00:00"
"TAA-20260910-000022","2026-09-10",2,"W06","AGV","EXPORT","AGV-022","SIM","Simulation AGV","CNTR-0000022","AGO-G-22","20","FULL","N","N","20GP","","2026-09-10 00:04:12","2026-09-10 00:25:25","2026-09-10 00:04:12","2026-09-10 00:04:22","2026-09-10 00:15:25","2026-09-10 00:15:35","2026-09-10 00:08:33","2026-09-10 00:08:51","2026-09-10 00:10:27","2026-09-10 00:10:47","SYNTHETIC","VOY-004",13,"AGO-000022","2026-09-10 00:07:12","Y","WI-0000022","ORC-0000022","SYN0000022","SIMULATOR","2026-09-10 00:04:17","2026-09-10 00:04:20","2026-09-10 00:08:25","2026-09-10 00:08:30","TP-F1-S-22","TP-F1-E-22","TP-F2-S-22","TP-F2-E-22","TP-L1-S-22","TP-L1-E-22","TP-L2-S-22","TP-L2-E-22","PB-FREE-10","PB-FULL-10",7243,"2026-09-10 00:00:00"
"TAA-20260910-000023","2026-09-10",2,"W07","AGV","IMPORT","AGV-023","SIM","Simulation AGV","CNTR-0000023","AGO-G-23","40","FULL","N","N","40HQ","","2026-09-10 00:04:24","2026-09-10 00:22:09","2026-09-10 00:04:24","2026-09-10 00:04:34","2026-09-10 00:13:07","2026-09-10 00:13:17","2026-09-10 00:08:02","2026-09-10 00:08:20","2026-09-10 00:09:41","2026-09-10 00:10:01","SYNTHETIC","VOY-005",14,"AGO-000023","2026-09-10 00:07:24","Y","WI-0000023","ORC-0000023","SYN0000023","SIMULATOR","2026-09-10 00:04:29","2026-09-10 00:04:32","2026-09-10 00:07:54","2026-09-10 00:07:59","TP-F1-S-23","TP-F1-E-23","TP-F2-S-23","TP-F2-E-23","TP-L1-S-23","TP-L1-E-23","TP-L2-S-23","TP-L2-E-23","PB-FREE-11","PB-FULL-11",6042.2,"2026-09-10 00:00:00"
"TAA-20260910-000024","2026-09-10",2,"W08","AGV","EXPORT","AGV-024","SIM","Simulation AGV","CNTR-0000024","AGO-G-24","40","FULL","N","N","40HQ","","2026-09-10 00:04:36","2026-09-10 00:20:04","2026-09-10 00:04:36","2026-09-10 00:04:46","2026-09-10 00:10:40","2026-09-10 00:10:50","2026-09-10 00:07:24","2026-09-10 00:07:42","2026-09-10 00:08:44","2026-09-10 00:09:04","SYNTHETIC","VOY-006",15,"AGO-000024","2026-09-10 00:07:36","Y","WI-0000024","ORC-0000024","SYN0000024","SIMULATOR","2026-09-10 00:04:41","2026-09-10 00:04:44","2026-09-10 00:07:16","2026-09-10 00:07:21","TP-F1-S-24","TP-F1-E-24","TP-F2-S-24","TP-F2-E-24","TP-L1-S-24","TP-L1-E-24","TP-L2-S-24","TP-L2-E-24","PB-FREE-12","PB-FULL-12",5170.9,"2026-09-10 00:00:00"
"TAA-20260910-000025","2026-09-10",2,"W01","AGV","IMPORT","AGV-025","SIM","Simulation AGV","CNTR-0000025","AGO-G-25","20","FULL","N","N","20GP","","2026-09-10 00:04:48","2026-09-10 00:30:54","2026-09-10 00:04:48","2026-09-10 00:04:58","2026-09-10 00:20:56","2026-09-10 00:21:06","2026-09-10 00:10:14","2026-09-10 00:10:32","2026-09-10 00:12:32","2026-09-10 00:12:52","SYNTHETIC","VOY-007",4,"AGO-000025","2026-09-10 00:07:48","Y","WI-0000025","ORC-0000025","SYN0000025","SIMULATOR","2026-09-10 00:04:53","2026-09-10 00:04:56","2026-09-10 00:10:06","2026-09-10 00:10:11","TP-F1-S-25","TP-F1-E-25","TP-F2-S-25","TP-F2-E-25","TP-L1-S-25","TP-L1-E-25","TP-L2-S-25","TP-L2-E-25","PB-FREE-01","PB-FULL-01",8974.7,"2026-09-10 00:00:00"
"TAA-20260910-000026","2026-09-10",2,"W02","AGV","EXPORT","AGV-026","SIM","Simulation AGV","CNTR-0000026","AGO-G-26","40","FULL","N","N","40HQ","","2026-09-10 00:05:00","2026-09-10 00:26:18","2026-09-10 00:05:00","2026-09-10 00:05:10","2026-09-10 00:17:27","2026-09-10 00:17:37","2026-09-10 00:08:53","2026-09-10 00:09:11","2026-09-10 00:10:36","2026-09-10 00:10:56","SYNTHETIC","VOY-008",5,"AGO-000026","2026-09-10 00:08:00","Y","WI-0000026","ORC-0000026","SYN0000026","SIMULATOR","2026-09-10 00:05:05","2026-09-10 00:05:08","2026-09-10 00:08:45","2026-09-10 00:08:50","TP-F1-S-26","TP-F1-E-26","TP-F2-S-26","TP-F2-E-26","TP-L1-S-26","TP-L1-E-26","TP-L2-S-26","TP-L2-E-26","PB-FREE-02","PB-FULL-02",7260.1,"2026-09-10 00:00:00"
"TAA-20260910-000027","2026-09-10",2,"W03","AGV","IMPORT","AGV-027","SIM","Simulation AGV","CNTR-0000027","AGO-G-27","40","FULL","N","N","40HQ","","2026-09-10 00:05:12","2026-09-10 00:24:05","2026-09-10 00:05:12","2026-09-10 00:05:22","2026-09-10 00:14:55","2026-09-10 00:15:05","2026-09-10 00:08:13","2026-09-10 00:08:31","2026-09-10 00:09:38","2026-09-10 00:09:58","SYNTHETIC","VOY-009",6,"AGO-000027","2026-09-10 00:08:12","Y","WI-0000027","ORC-0000027","SYN0000027","SIMULATOR","2026-09-10 00:05:17","2026-09-10 00:05:20","2026-09-10 00:08:05","2026-09-10 00:08:10","TP-F1-S-27","TP-F1-E-27","TP-F2-S-27","TP-F2-E-27","TP-L1-S-27","TP-L1-E-27","TP-L2-S-27","TP-L2-E-27","PB-FREE-03","PB-FULL-03",6346.3,"2026-09-10 00:00:00"
"TAA-20260910-000028","2026-09-10",2,"W04","AGV","EXPORT","AGV-028","SIM","Simulation AGV","CNTR-0000028","AGO-G-28","20","FULL","N","N","20GP","","2026-09-10 00:05:24","2026-09-10 00:21:16","2026-09-10 00:05:24","2026-09-10 00:05:34","2026-09-10 00:13:48","2026-09-10 00:13:58","2026-09-10 00:08:06","2026-09-10 00:08:24","2026-09-10 00:09:24","2026-09-10 00:09:44","SYNTHETIC","VOY-010",7,"AGO-000028","2026-09-10 00:08:24","Y","WI-0000028","ORC-0000028","SYN0000028","SIMULATOR","2026-09-10 00:05:29","2026-09-10 00:05:32","2026-09-10 00:07:58","2026-09-10 00:08:03","TP-F1-S-28","TP-F1-E-28","TP-F2-S-28","TP-F2-E-28","TP-L1-S-28","TP-L1-E-28","TP-L2-S-28","TP-L2-E-28","PB-FREE-04","PB-FULL-04",5247.9,"2026-09-10 00:00:00"
"TAA-20260910-000029","2026-09-10",2,"W05","AGV","IMPORT","AGV-029","SIM","Simulation AGV","CNTR-0000029","AGO-G-29","40","FULL","N","N","40HQ","","2026-09-10 00:05:36","2026-09-10 00:32:21","2026-09-10 00:05:36","2026-09-10 00:05:46","2026-09-10 00:23:32","2026-09-10 00:23:42","2026-09-10 00:12:16","2026-09-10 00:12:34","2026-09-10 00:15:02","2026-09-10 00:15:22","SYNTHETIC","VOY-011",8,"AGO-000029","2026-09-10 00:08:36","Y","WI-0000029","ORC-0000029","SYN0000029","SIMULATOR","2026-09-10 00:05:41","2026-09-10 00:05:44","2026-09-10 00:12:08","2026-09-10 00:12:13","TP-F1-S-29","TP-F1-E-29","TP-F2-S-29","TP-F2-E-29","TP-L1-S-29","TP-L1-E-29","TP-L2-S-29","TP-L2-E-29","PB-FREE-05","PB-FULL-05",9282.9,"2026-09-10 00:00:00"
"TAA-20260910-000030","2026-09-10",2,"W06","AGV","EXPORT","AGV-030","SIM","Simulation AGV","CNTR-0000030","AGO-G-01","40","FULL","N","N","40HQ","","2026-09-10 00:05:48","2026-09-10 00:34:34","2026-09-10 00:05:48","2026-09-10 00:05:58","2026-09-10 00:17:52","2026-09-10 00:18:02","2026-09-10 00:09:44","2026-09-10 00:10:02","2026-09-10 00:11:29","2026-09-10 00:11:49","SYNTHETIC","VOY-012",9,"AGO-000030","2026-09-10 00:08:48","Y","WI-0000030","ORC-0000030","SYN0000030","SIMULATOR","2026-09-10 00:05:53","2026-09-10 00:05:56","2026-09-10 00:09:36","2026-09-10 00:09:41","TP-F1-S-30","TP-F1-E-30","TP-F2-S-30","TP-F2-E-30","TP-L1-S-30","TP-L1-E-30","TP-L2-S-30","TP-L2-E-30","PB-FREE-06","PB-FULL-06",10136.4,"2026-09-10 00:00:00"
"TAA-20260910-000031","2026-09-10",2,"W07","AGV","IMPORT","AGV-031","SIM","Simulation AGV","CNTR-0000031","AGO-G-02","20","FULL","N","N","20GP","","2026-09-10 00:06:00","2026-09-10 00:32:54","2026-09-10 00:06:00","2026-09-10 00:06:10","2026-09-10 00:17:55","2026-09-10 00:18:05","2026-09-10 00:10:48","2026-09-10 00:11:06","2026-09-10 00:12:52","2026-09-10 00:13:12","SYNTHETIC","VOY-013",10,"AGO-000031","2026-09-10 00:09:00","Y","WI-0000031","ORC-0000031","SYN0000031","SIMULATOR","2026-09-10 00:06:05","2026-09-10 00:06:08","2026-09-10 00:10:40","2026-09-10 00:10:45","TP-F1-S-31","TP-F1-E-31","TP-F2-S-31","TP-F2-E-31","TP-L1-S-31","TP-L1-E-31","TP-L2-S-31","TP-L2-E-31","PB-FREE-07","PB-FULL-07",9514.9,"2026-09-10 00:00:00"
"TAA-20260910-000032","2026-09-10",2,"W08","AGV","EXPORT","AGV-032","SIM","Simulation AGV","CNTR-0000032","AGO-G-03","40","FULL","N","N","40HQ","","2026-09-10 00:06:12","2026-09-10 00:33:21","2026-09-10 00:06:12","2026-09-10 00:06:22","2026-09-10 00:18:12","2026-09-10 00:18:22","2026-09-10 00:11:58","2026-09-10 00:12:16","2026-09-10 00:14:24","2026-09-10 00:14:44","SYNTHETIC","VOY-014",11,"AGO-000032","2026-09-10 00:09:12","Y","WI-0000032","ORC-0000032","SYN0000032","SIMULATOR","2026-09-10 00:06:17","2026-09-10 00:06:20","2026-09-10 00:11:50","2026-09-10 00:11:55","TP-F1-S-32","TP-F1-E-32","TP-F2-S-32","TP-F2-E-32","TP-L1-S-32","TP-L1-E-32","TP-L2-S-32","TP-L2-E-32","PB-FREE-08","PB-FULL-08",9652.5,"2026-09-10 00:00:00"
"TAA-20260910-000033","2026-09-10",2,"W01","AGV","IMPORT","AGV-033","SIM","Simulation AGV","CNTR-0000033","AGO-G-04","40","FULL","N","N","40HQ","","2026-09-10 00:06:24","2026-09-10 00:33:49","2026-09-10 00:06:24","2026-09-10 00:06:34","2026-09-10 00:17:07","2026-09-10 00:17:17","2026-09-10 00:09:08","2026-09-10 00:09:26","2026-09-10 00:10:26","2026-09-10 00:10:46","SYNTHETIC","VOY-015",12,"AGO-000033","2026-09-10 00:09:24","Y","WI-0000033","ORC-0000033","SYN0000033","SIMULATOR","2026-09-10 00:06:29","2026-09-10 00:06:32","2026-09-10 00:09:00","2026-09-10 00:09:05","TP-F1-S-33","TP-F1-E-33","TP-F2-S-33","TP-F2-E-33","TP-L1-S-33","TP-L1-E-33","TP-L2-S-33","TP-L2-E-33","PB-FREE-09","PB-FULL-09",9504.8,"2026-09-10 00:00:00"
"TAA-20260910-000034","2026-09-10",2,"W02","AGV","EXPORT","AGV-034","SIM","Simulation AGV","CNTR-0000034","AGO-G-05","20","FULL","N","N","20GP","","2026-09-10 00:06:36","2026-09-10 00:32:54","2026-09-10 00:06:36","2026-09-10 00:06:46","2026-09-10 00:17:55","2026-09-10 00:18:05","2026-09-10 00:10:55","2026-09-10 00:11:13","2026-09-10 00:12:48","2026-09-10 00:13:08","SYNTHETIC","VOY-016",13,"AGO-000034","2026-09-10 00:09:36","Y","WI-0000034","ORC-0000034","SYN0000034","SIMULATOR","2026-09-10 00:06:41","2026-09-10 00:06:44","2026-09-10 00:10:47","2026-09-10 00:10:52","TP-F1-S-34","TP-F1-E-34","TP-F2-S-34","TP-F2-E-34","TP-L1-S-34","TP-L1-E-34","TP-L2-S-34","TP-L2-E-34","PB-FREE-10","PB-FULL-10",9189.3,"2026-09-10 00:00:00"
"TAA-20260910-000035","2026-09-10",2,"W03","AGV","IMPORT","AGV-035","SIM","Simulation AGV","CNTR-0000035","AGO-G-06","40","FULL","N","N","40HQ","","2026-09-10 00:06:48","2026-09-10 00:31:12","2026-09-10 00:06:48","2026-09-10 00:06:58","2026-09-10 00:17:08","2026-09-10 00:17:18","2026-09-10 00:11:31","2026-09-10 00:11:49","2026-09-10 00:13:34","2026-09-10 00:13:54","SYNTHETIC","VOY-017",14,"AGO-000035","2026-09-10 00:09:48","Y","WI-0000035","ORC-0000035","SYN0000035","SIMULATOR","2026-09-10 00:06:53","2026-09-10 00:06:56","2026-09-10 00:11:23","2026-09-10 00:11:28","TP-F1-S-35","TP-F1-E-35","TP-F2-S-35","TP-F2-E-35","TP-L1-S-35","TP-L1-E-35","TP-L2-S-35","TP-L2-E-35","PB-FREE-11","PB-FULL-11",8602.7,"2026-09-10 00:00:00"
"TAA-20260910-000036","2026-09-10",2,"W04","AGV","EXPORT","AGV-036","SIM","Simulation AGV","CNTR-0000036","AGO-G-07","40","FULL","N","N","40HQ","","2026-09-10 00:07:00","2026-09-10 00:31:45","2026-09-10 00:07:00","2026-09-10 00:07:10","2026-09-10 00:17:12","2026-09-10 00:17:22","2026-09-10 00:12:45","2026-09-10 00:13:03","2026-09-10 00:15:11","2026-09-10 00:15:31","SYNTHETIC","VOY-018",15,"AGO-000036","2026-09-10 00:10:00","Y","WI-0000036","ORC-0000036","SYN0000036","SIMULATOR","2026-09-10 00:07:05","2026-09-10 00:07:08","2026-09-10 00:12:37","2026-09-10 00:12:42","TP-F1-S-36","TP-F1-E-36","TP-F2-S-36","TP-F2-E-36","TP-L1-S-36","TP-L1-E-36","TP-L2-S-36","TP-L2-E-36","PB-FREE-12","PB-FULL-12",8773.6,"2026-09-10 00:00:00"
"TAA-20260910-000037","2026-09-10",2,"W05","AGV","IMPORT","AGV-037","SIM","Simulation AGV","CNTR-0000037","AGO-G-08","20","FULL","N","N","20GP","","2026-09-10 00:07:12","2026-09-10 00:33:36","2026-09-10 00:07:12","2026-09-10 00:07:22","2026-09-10 00:18:44","2026-09-10 00:18:54","2026-09-10 00:09:28","2026-09-10 00:09:46","2026-09-10 00:10:36","2026-09-10 00:10:56","SYNTHETIC","VOY-001",4,"AGO-000037","2026-09-10 00:10:12","Y","WI-0000037","ORC-0000037","SYN0000037","SIMULATOR","2026-09-10 00:07:17","2026-09-10 00:07:20","2026-09-10 00:09:20","2026-09-10 00:09:25","TP-F1-S-37","TP-F1-E-37","TP-F2-S-37","TP-F2-E-37","TP-L1-S-37","TP-L1-E-37","TP-L2-S-37","TP-L2-E-37","PB-FREE-01","PB-FULL-01",9045.1,"2026-09-10 00:00:00"
"TAA-20260910-000038","2026-09-10",2,"W06","AGV","EXPORT","AGV-038","SIM","Simulation AGV","CNTR-0000038","AGO-G-09","40","FULL","N","N","40HQ","","2026-09-10 00:07:24","2026-09-10 00:30:46","2026-09-10 00:07:24","2026-09-10 00:07:34","2026-09-10 00:16:53","2026-09-10 00:17:03","2026-09-10 00:09:18","2026-09-10 00:09:36","2026-09-10 00:10:18","2026-09-10 00:10:38","SYNTHETIC","VOY-002",5,"AGO-000038","2026-09-10 00:10:24","Y","WI-0000038","ORC-0000038","SYN0000038","SIMULATOR","2026-09-10 00:07:29","2026-09-10 00:07:32","2026-09-10 00:09:10","2026-09-10 00:09:15","TP-F1-S-38","TP-F1-E-38","TP-F2-S-38","TP-F2-E-38","TP-L1-S-38","TP-L1-E-38","TP-L2-S-38","TP-L2-E-38","PB-FREE-02","PB-FULL-02",8017,"2026-09-10 00:00:00"
"TAA-20260910-000039","2026-09-10",2,"W07","AGV","IMPORT","AGV-039","SIM","Simulation AGV","CNTR-0000039","AGO-G-10","40","FULL","N","N","40HQ","","2026-09-10 00:07:36","2026-09-10 00:31:05","2026-09-10 00:07:36","2026-09-10 00:07:46","2026-09-10 00:16:43","2026-09-10 00:16:53","2026-09-10 00:10:21","2026-09-10 00:10:39","2026-09-10 00:11:40","2026-09-10 00:12:00","SYNTHETIC","VOY-003",6,"AGO-000039","2026-09-10 00:10:36","Y","WI-0000039","ORC-0000039","SYN0000039","SIMULATOR","2026-09-10 00:07:41","2026-09-10 00:07:44","2026-09-10 00:10:13","2026-09-10 00:10:18","TP-F1-S-39","TP-F1-E-39","TP-F2-S-39","TP-F2-E-39","TP-L1-S-39","TP-L1-E-39","TP-L2-S-39","TP-L2-E-39","PB-FREE-03","PB-FULL-03",8089.7,"2026-09-10 00:00:00"
"TAA-20260910-000040","2026-09-10",2,"W08","AGV","EXPORT","AGV-040","SIM","Simulation AGV","CNTR-0000040","AGO-G-11","20","FULL","N","N","20GP","","2026-09-10 00:07:48","2026-09-10 00:30:15","2026-09-10 00:07:48","2026-09-10 00:07:58","2026-09-10 00:17:26","2026-09-10 00:17:36","2026-09-10 00:11:35","2026-09-10 00:11:53","2026-09-10 00:13:17","2026-09-10 00:13:37","SYNTHETIC","VOY-004",7,"AGO-000040","2026-09-10 00:10:48","Y","WI-0000040","ORC-0000040","SYN0000040","SIMULATOR","2026-09-10 00:07:53","2026-09-10 00:07:56","2026-09-10 00:11:27","2026-09-10 00:11:32","TP-F1-S-40","TP-F1-E-40","TP-F2-S-40","TP-F2-E-40","TP-L1-S-40","TP-L1-E-40","TP-L2-S-40","TP-L2-E-40","PB-FREE-04","PB-FULL-04",7763.1,"2026-09-10 00:00:00"
"TAA-20260910-000041","2026-09-10",2,"W01","AGV","IMPORT","AGV-041","SIM","Simulation AGV","CNTR-0000041","AGO-G-12","40","FULL","N","N","40HQ","","2026-09-10 00:08:00","2026-09-10 00:35:10","2026-09-10 00:08:00","2026-09-10 00:08:10","2026-09-10 00:21:27","2026-09-10 00:21:37","2026-09-10 00:11:34","2026-09-10 00:11:52","2026-09-10 00:13:11","2026-09-10 00:13:31","SYNTHETIC","VOY-005",8,"AGO-000041","2026-09-10 00:11:00","Y","WI-0000041","ORC-0000041","SYN0000041","SIMULATOR","2026-09-10 00:08:05","2026-09-10 00:08:08","2026-09-10 00:11:26","2026-09-10 00:11:31","TP-F1-S-41","TP-F1-E-41","TP-F2-S-41","TP-F2-E-41","TP-L1-S-41","TP-L1-E-41","TP-L2-S-41","TP-L2-E-41","PB-FREE-05","PB-FULL-05",9397.9,"2026-09-10 00:00:00"
"TAA-20260910-000042","2026-09-10",2,"W02","AGV","EXPORT","AGV-042","SIM","Simulation AGV","CNTR-0000042","AGO-G-13","40","FULL","N","N","40HQ","","2026-09-10 00:08:12","2026-09-10 00:31:07","2026-09-10 00:08:12","2026-09-10 00:08:22","2026-09-10 00:17:21","2026-09-10 00:17:31","2026-09-10 00:10:12","2026-09-10 00:10:30","2026-09-10 00:11:14","2026-09-10 00:11:34","SYNTHETIC","VOY-006",9,"AGO-000042","2026-09-10 00:11:12","Y","WI-0000042","ORC-0000042","SYN0000042","SIMULATOR","2026-09-10 00:08:17","2026-09-10 00:08:20","2026-09-10 00:10:04","2026-09-10 00:10:09","TP-F1-S-42","TP-F1-E-42","TP-F2-S-42","TP-F2-E-42","TP-L1-S-42","TP-L1-E-42","TP-L2-S-42","TP-L2-E-42","PB-FREE-06","PB-FULL-06",7807.8,"2026-09-10 00:00:00"
"TAA-20260910-000043","2026-09-10",2,"W03","AGV","IMPORT","AGV-043","SIM","Simulation AGV","CNTR-0000043","AGO-G-14","20","FULL","N","N","20GP","","2026-09-10 00:08:24","2026-09-10 00:29:01","2026-09-10 00:08:24","2026-09-10 00:08:34","2026-09-10 00:17:00","2026-09-10 00:17:10","2026-09-10 00:10:57","2026-09-10 00:11:15","2026-09-10 00:12:12","2026-09-10 00:12:32","SYNTHETIC","VOY-007",10,"AGO-000043","2026-09-10 00:11:24","Y","WI-0000043","ORC-0000043","SYN0000043","SIMULATOR","2026-09-10 00:08:29","2026-09-10 00:08:32","2026-09-10 00:10:49","2026-09-10 00:10:54","TP-F1-S-43","TP-F1-E-43","TP-F2-S-43","TP-F2-E-43","TP-L1-S-43","TP-L1-E-43","TP-L2-S-43","TP-L2-E-43","PB-FREE-07","PB-FULL-07",7013.1,"2026-09-10 00:00:00"
"TAA-20260910-000044","2026-09-10",2,"W04","AGV","EXPORT","AGV-044","SIM","Simulation AGV","CNTR-0000044","AGO-G-15","40","FULL","N","N","40HQ","","2026-09-10 00:08:36","2026-09-10 00:28:40","2026-09-10 00:08:36","2026-09-10 00:08:46","2026-09-10 00:17:22","2026-09-10 00:17:32","2026-09-10 00:12:08","2026-09-10 00:12:26","2026-09-10 00:13:44","2026-09-10 00:14:04","SYNTHETIC","VOY-008",11,"AGO-000044","2026-09-10 00:11:36","Y","WI-0000044","ORC-0000044","SYN0000044","SIMULATOR","2026-09-10 00:08:41","2026-09-10 00:08:44","2026-09-10 00:12:00","2026-09-10 00:12:05","TP-F1-S-44","TP-F1-E-44","TP-F2-S-44","TP-F2-E-44","TP-L1-S-44","TP-L1-E-44","TP-L2-S-44","TP-L2-E-44","PB-FREE-08","PB-FULL-08",6928.3,"2026-09-10 00:00:00"
"TAA-20260910-000045","2026-09-10",2,"W05","AGV","IMPORT","AGV-045","SIM","Simulation AGV","CNTR-0000045","AGO-G-16","40","FULL","N","N","40HQ","","2026-09-10 00:08:48","2026-09-10 00:35:45","2026-09-10 00:08:48","2026-09-10 00:08:58","2026-09-10 00:22:25","2026-09-10 00:22:35","2026-09-10 00:13:46","2026-09-10 00:14:04","2026-09-10 00:15:54","2026-09-10 00:16:14","SYNTHETIC","VOY-009",12,"AGO-000045","2026-09-10 00:11:48","Y","WI-0000045","ORC-0000045","SYN0000045","SIMULATOR","2026-09-10 00:08:53","2026-09-10 00:08:56","2026-09-10 00:13:38","2026-09-10 00:13:43","TP-F1-S-45","TP-F1-E-45","TP-F2-S-45","TP-F2-E-45","TP-L1-S-45","TP-L1-E-45","TP-L2-S-45","TP-L2-E-45","PB-FREE-09","PB-FULL-09",9361.9,"2026-09-10 00:00:00"
"TAA-20260910-000046","2026-09-10",2,"W06","AGV","EXPORT","AGV-046","SIM","Simulation AGV","CNTR-0000046","AGO-G-17","20","FULL","N","N","20GP","","2026-09-10 00:09:00","2026-09-10 00:30:42","2026-09-10 00:09:00","2026-09-10 00:09:10","2026-09-10 00:19:22","2026-09-10 00:19:32","2026-09-10 00:12:43","2026-09-10 00:13:01","2026-09-10 00:14:23","2026-09-10 00:14:43","SYNTHETIC","VOY-010",13,"AGO-000046","2026-09-10 00:12:00","Y","WI-0000046","ORC-0000046","SYN0000046","SIMULATOR","2026-09-10 00:09:05","2026-09-10 00:09:08","2026-09-10 00:12:35","2026-09-10 00:12:40","TP-F1-S-46","TP-F1-E-46","TP-F2-S-46","TP-F2-E-46","TP-L1-S-46","TP-L1-E-46","TP-L2-S-46","TP-L2-E-46","PB-FREE-10","PB-FULL-10",7429.5,"2026-09-10 00:00:00"
"TAA-20260910-000047","2026-09-10",2,"W07","AGV","IMPORT","AGV-047","SIM","Simulation AGV","CNTR-0000047","AGO-G-18","40","FULL","N","N","40HQ","","2026-09-10 00:09:12","2026-09-10 00:26:44","2026-09-10 00:09:12","2026-09-10 00:09:22","2026-09-10 00:16:26","2026-09-10 00:16:36","2026-09-10 00:11:45","2026-09-10 00:12:03","2026-09-10 00:13:00","2026-09-10 00:13:20","SYNTHETIC","VOY-011",14,"AGO-000047","2026-09-10 00:12:12","Y","WI-0000047","ORC-0000047","SYN0000047","SIMULATOR","2026-09-10 00:09:17","2026-09-10 00:09:20","2026-09-10 00:11:37","2026-09-10 00:11:42","TP-F1-S-47","TP-F1-E-47","TP-F2-S-47","TP-F2-E-47","TP-L1-S-47","TP-L1-E-47","TP-L2-S-47","TP-L2-E-47","PB-FREE-11","PB-FULL-11",5956.2,"2026-09-10 00:00:00"
"TAA-20260910-000048","2026-09-10",2,"W08","AGV","EXPORT","AGV-048","SIM","Simulation AGV","CNTR-0000048","AGO-G-19","40","FULL","N","N","40HQ","","2026-09-10 00:09:24","2026-09-10 00:27:53","2026-09-10 00:09:24","2026-09-10 00:09:34","2026-09-10 00:17:02","2026-09-10 00:17:12","2026-09-10 00:13:22","2026-09-10 00:13:40","2026-09-10 00:15:08","2026-09-10 00:15:28","SYNTHETIC","VOY-012",15,"AGO-000048","2026-09-10 00:12:24","Y","WI-0000048","ORC-0000048","SYN0000048","SIMULATOR","2026-09-10 00:09:29","2026-09-10 00:09:32","2026-09-10 00:13:14","2026-09-10 00:13:19","TP-F1-S-48","TP-F1-E-48","TP-F2-S-48","TP-F2-E-48","TP-L1-S-48","TP-L1-E-48","TP-L2-S-48","TP-L2-E-48","PB-FREE-12","PB-FULL-12",6356.4,"2026-09-10 00:00:00"
"TAA-20260910-000049","2026-09-10",2,"W01","AGV","IMPORT","AGV-049","SIM","Simulation AGV","CNTR-0000049","AGO-G-20","20","FULL","N","N","20GP","","2026-09-10 00:09:36","2026-09-10 00:35:44","2026-09-10 00:09:36","2026-09-10 00:09:46","2026-09-10 00:24:06","2026-09-10 00:24:16","2026-09-10 00:14:06","2026-09-10 00:14:24","2026-09-10 00:16:03","2026-09-10 00:16:23","SYNTHETIC","VOY-013",4,"AGO-000049","2026-09-10 00:12:36","Y","WI-0000049","ORC-0000049","SYN0000049","SIMULATOR","2026-09-10 00:09:41","2026-09-10 00:09:44","2026-09-10 00:13:58","2026-09-10 00:14:03","TP-F1-S-49","TP-F1-E-49","TP-F2-S-49","TP-F2-E-49","TP-L1-S-49","TP-L1-E-49","TP-L2-S-49","TP-L2-E-49","PB-FREE-01","PB-FULL-01",8958.7,"2026-09-10 00:00:00"
"TAA-20260910-000050","2026-09-10",2,"W02","AGV","EXPORT","AGV-050","SIM","Simulation AGV","CNTR-0000050","AGO-G-21","40","FULL","N","N","40HQ","","2026-09-10 00:09:48","2026-09-10 00:31:12","2026-09-10 00:09:48","2026-09-10 00:09:58","2026-09-10 00:20:39","2026-09-10 00:20:49","2026-09-10 00:12:45","2026-09-10 00:13:03","2026-09-10 00:14:08","2026-09-10 00:14:28","SYNTHETIC","VOY-014",5,"AGO-000050","2026-09-10 00:12:48","Y","WI-0000050","ORC-0000050","SYN0000050","SIMULATOR","2026-09-10 00:09:53","2026-09-10 00:09:56","2026-09-10 00:12:37","2026-09-10 00:12:42","TP-F1-S-50","TP-F1-E-50","TP-F2-S-50","TP-F2-E-50","TP-L1-S-50","TP-L1-E-50","TP-L2-S-50","TP-L2-E-50","PB-FREE-02","PB-FULL-02",7263.1,"2026-09-10 00:00:00"
"TAA-20260910-000051","2026-09-10",2,"W03","AGV","IMPORT","AGV-051","SIM","Simulation AGV","CNTR-0000051","AGO-G-22","40","FULL","N","N","40HQ","","2026-09-10 00:10:00","2026-09-10 00:29:02","2026-09-10 00:10:00","2026-09-10 00:10:10","2026-09-10 00:18:08","2026-09-10 00:18:18","2026-09-10 00:12:05","2026-09-10 00:12:23","2026-09-10 00:13:09","2026-09-10 00:13:29","SYNTHETIC","VOY-015",6,"AGO-000051","2026-09-10 00:13:00","Y","WI-0000051","ORC-0000051","SYN0000051","SIMULATOR","2026-09-10 00:10:05","2026-09-10 00:10:08","2026-09-10 00:11:57","2026-09-10 00:12:02","TP-F1-S-51","TP-F1-E-51","TP-F2-S-51","TP-F2-E-51","TP-L1-S-51","TP-L1-E-51","TP-L2-S-51","TP-L2-E-51","PB-FREE-03","PB-FULL-03",6369.3,"2026-09-10 00:00:00"
"TAA-20260910-000052","2026-09-10",2,"W04","AGV","EXPORT","AGV-052","SIM","Simulation AGV","CNTR-0000052","AGO-G-23","20","FULL","N","N","20GP","","2026-09-10 00:10:12","2026-09-10 00:25:57","2026-09-10 00:10:12","2026-09-10 00:10:22","2026-09-10 00:16:44","2026-09-10 00:16:54","2026-09-10 00:11:45","2026-09-10 00:12:03","2026-09-10 00:12:37","2026-09-10 00:12:57","SYNTHETIC","VOY-016",7,"AGO-000052","2026-09-10 00:13:12","Y","WI-0000052","ORC-0000052","SYN0000052","SIMULATOR","2026-09-10 00:10:17","2026-09-10 00:10:20","2026-09-10 00:11:37","2026-09-10 00:11:42","TP-F1-S-52","TP-F1-E-52","TP-F2-S-52","TP-F2-E-52","TP-L1-S-52","TP-L1-E-52","TP-L2-S-52","TP-L2-E-52","PB-FREE-04","PB-FULL-04",5162.9,"2026-09-10 00:00:00"
"TAA-20260910-000053","2026-09-10",2,"W05","AGV","IMPORT","AGV-053","SIM","Simulation AGV","CNTR-0000053","AGO-G-24","40","FULL","N","N","40HQ","","2026-09-10 00:10:24","2026-09-10 00:37:26","2026-09-10 00:10:24","2026-09-10 00:10:34","2026-09-10 00:26:48","2026-09-10 00:26:58","2026-09-10 00:16:08","2026-09-10 00:16:26","2026-09-10 00:18:33","2026-09-10 00:18:53","SYNTHETIC","VOY-017",8,"AGO-000053","2026-09-10 00:13:24","Y","WI-0000053","ORC-0000053","SYN0000053","SIMULATOR","2026-09-10 00:10:29","2026-09-10 00:10:32","2026-09-10 00:16:00","2026-09-10 00:16:05","TP-F1-S-53","TP-F1-E-53","TP-F2-S-53","TP-F2-E-53","TP-L1-S-53","TP-L1-E-53","TP-L2-S-53","TP-L2-E-53","PB-FREE-05","PB-FULL-05",9347.1,"2026-09-10 00:00:00"
"TAA-20260910-000054","2026-09-10",2,"W06","AGV","EXPORT","AGV-054","SIM","Simulation AGV","CNTR-0000054","AGO-G-25","40","FULL","N","N","40HQ","","2026-09-10 00:10:36","2026-09-10 00:33:33","2026-09-10 00:10:36","2026-09-10 00:10:46","2026-09-10 00:22:50","2026-09-10 00:23:00","2026-09-10 00:14:50","2026-09-10 00:15:08","2026-09-10 00:16:42","2026-09-10 00:17:02","SYNTHETIC","VOY-018",9,"AGO-000054","2026-09-10 00:13:36","Y","WI-0000054","ORC-0000054","SYN0000054","SIMULATOR","2026-09-10 00:10:41","2026-09-10 00:10:44","2026-09-10 00:14:42","2026-09-10 00:14:47","TP-F1-S-54","TP-F1-E-54","TP-F2-S-54","TP-F2-E-54","TP-L1-S-54","TP-L1-E-54","TP-L2-S-54","TP-L2-E-54","PB-FREE-06","PB-FULL-06",7820.7,"2026-09-10 00:00:00"
"TAA-20260910-000055","2026-09-10",2,"W07","AGV","IMPORT","AGV-055","SIM","Simulation AGV","CNTR-0000055","AGO-G-26","20","FULL","N","N","20GP","","2026-09-10 00:10:48","2026-09-10 00:29:32","2026-09-10 00:10:48","2026-09-10 00:10:58","2026-09-10 00:20:40","2026-09-10 00:20:50","2026-09-10 00:14:15","2026-09-10 00:14:33","2026-09-10 00:15:49","2026-09-10 00:16:09","SYNTHETIC","VOY-001",10,"AGO-000055","2026-09-10 00:13:48","Y","WI-0000055","ORC-0000055","SYN0000055","SIMULATOR","2026-09-10 00:10:53","2026-09-10 00:10:56","2026-09-10 00:14:07","2026-09-10 00:14:12","TP-F1-S-55","TP-F1-E-55","TP-F2-S-55","TP-F2-E-55","TP-L1-S-55","TP-L1-E-55","TP-L2-S-55","TP-L2-E-55","PB-FREE-07","PB-FULL-07",6275.1,"2026-09-10 00:00:00"
"TAA-20260910-000056","2026-09-10",2,"W08","AGV","EXPORT","AGV-056","SIM","Simulation AGV","CNTR-0000056","AGO-G-27","40","FULL","N","N","40HQ","","2026-09-10 00:11:00","2026-09-10 00:26:30","2026-09-10 00:11:00","2026-09-10 00:11:10","2026-09-10 00:18:55","2026-09-10 00:19:05","2026-09-10 00:13:38","2026-09-10 00:13:56","2026-09-10 00:14:54","2026-09-10 00:15:14","SYNTHETIC","VOY-002",11,"AGO-000056","2026-09-10 00:14:00","Y","WI-0000056","ORC-0000056","SYN0000056","SIMULATOR","2026-09-10 00:11:05","2026-09-10 00:11:08","2026-09-10 00:13:30","2026-09-10 00:13:35","TP-F1-S-56","TP-F1-E-56","TP-F2-S-56","TP-F2-E-56","TP-L1-S-56","TP-L1-E-56","TP-L2-S-56","TP-L2-E-56","PB-FREE-08","PB-FULL-08",5172.3,"2026-09-10 00:00:00"
"TAA-20260910-000057","2026-09-10",2,"W01","AGV","IMPORT","AGV-057","SIM","Simulation AGV","CNTR-0000057","AGO-G-28","40","FULL","N","N","40HQ","","2026-09-10 00:11:12","2026-09-10 00:38:12","2026-09-10 00:11:12","2026-09-10 00:11:22","2026-09-10 00:28:15","2026-09-10 00:28:25","2026-09-10 00:18:25","2026-09-10 00:18:43","2026-09-10 00:21:22","2026-09-10 00:21:42","SYNTHETIC","VOY-003",12,"AGO-000057","2026-09-10 00:14:12","Y","WI-0000057","ORC-0000057","SYN0000057","SIMULATOR","2026-09-10 00:11:17","2026-09-10 00:11:20","2026-09-10 00:18:17","2026-09-10 00:18:22","TP-F1-S-57","TP-F1-E-57","TP-F2-S-57","TP-F2-E-57","TP-L1-S-57","TP-L1-E-57","TP-L2-S-57","TP-L2-E-57","PB-FREE-09","PB-FULL-09",9399.9,"2026-09-10 00:00:00"
"TAA-20260910-000058","2026-09-10",2,"W02","AGV","EXPORT","AGV-058","SIM","Simulation AGV","CNTR-0000058","AGO-G-29","20","FULL","N","N","20GP","","2026-09-10 00:11:24","2026-09-10 00:32:41","2026-09-10 00:11:24","2026-09-10 00:11:34","2026-09-10 00:24:47","2026-09-10 00:24:57","2026-09-10 00:17:04","2026-09-10 00:17:22","2026-09-10 00:19:27","2026-09-10 00:19:47","SYNTHETIC","VOY-004",13,"AGO-000058","2026-09-10 00:14:24","Y","WI-0000058","ORC-0000058","SYN0000058","SIMULATOR","2026-09-10 00:11:29","2026-09-10 00:11:32","2026-09-10 00:16:56","2026-09-10 00:17:01","TP-F1-S-58","TP-F1-E-58","TP-F2-S-58","TP-F2-E-58","TP-L1-S-58","TP-L1-E-58","TP-L2-S-58","TP-L2-E-58","PB-FREE-10","PB-FULL-10",7289.1,"2026-09-10 00:00:00"
"TAA-20260910-000059","2026-09-10",2,"W03","AGV","IMPORT","AGV-059","SIM","Simulation AGV","CNTR-0000059","AGO-G-01","40","FULL","N","N","40HQ","","2026-09-10 00:11:36","2026-09-10 00:38:21","2026-09-10 00:11:36","2026-09-10 00:11:46","2026-09-10 00:23:26","2026-09-10 00:23:36","2026-09-10 00:17:16","2026-09-10 00:17:34","2026-09-10 00:19:39","2026-09-10 00:19:59","SYNTHETIC","VOY-005",14,"AGO-000059","2026-09-10 00:14:36","Y","WI-0000059","ORC-0000059","SYN0000059","SIMULATOR","2026-09-10 00:11:41","2026-09-10 00:11:44","2026-09-10 00:17:08","2026-09-10 00:17:13","TP-F1-S-59","TP-F1-E-59","TP-F2-S-59","TP-F2-E-59","TP-L1-S-59","TP-L1-E-59","TP-L2-S-59","TP-L2-E-59","PB-FREE-11","PB-FULL-11",9579.4,"2026-09-10 00:00:00"
"TAA-20260910-000060","2026-09-10",2,"W04","AGV","EXPORT","AGV-060","SIM","Simulation AGV","CNTR-0000060","AGO-G-02","40","FULL","N","N","40HQ","","2026-09-10 00:11:48","2026-09-10 00:38:56","2026-09-10 00:11:48","2026-09-10 00:11:58","2026-09-10 00:23:30","2026-09-10 00:23:40","2026-09-10 00:18:30","2026-09-10 00:18:48","2026-09-10 00:21:15","2026-09-10 00:21:35","SYNTHETIC","VOY-006",15,"AGO-000060","2026-09-10 00:14:48","Y","WI-0000060","ORC-0000060","SYN0000060","SIMULATOR","2026-09-10 00:11:53","2026-09-10 00:11:56","2026-09-10 00:18:22","2026-09-10 00:18:27","TP-F1-S-60","TP-F1-E-60","TP-F2-S-60","TP-F2-E-60","TP-L1-S-60","TP-L1-E-60","TP-L2-S-60","TP-L2-E-60","PB-FREE-12","PB-FULL-12",9756.9,"2026-09-10 00:00:00"
"TAA-20260910-000061","2026-09-10",2,"W05","AGV","IMPORT","AGV-061","SIM","Simulation AGV","CNTR-0000061","AGO-G-03","20","FULL","N","N","20GP","","2026-09-10 00:12:00","2026-09-10 00:38:30","2026-09-10 00:12:00","2026-09-10 00:12:10","2026-09-10 00:22:54","2026-09-10 00:23:04","2026-09-10 00:13:37","2026-09-10 00:13:55","2026-09-10 00:14:31","2026-09-10 00:14:51","SYNTHETIC","VOY-007",4,"AGO-000061","2026-09-10 00:15:00","Y","WI-0000061","ORC-0000061","SYN0000061","SIMULATOR","2026-09-10 00:12:05","2026-09-10 00:12:08","2026-09-10 00:13:29","2026-09-10 00:13:34","TP-F1-S-61","TP-F1-E-61","TP-F2-S-61","TP-F2-E-61","TP-L1-S-61","TP-L1-E-61","TP-L2-S-61","TP-L2-E-61","PB-FREE-01","PB-FULL-01",9135.9,"2026-09-10 00:00:00"
"TAA-20260910-000062","2026-09-10",2,"W06","AGV","EXPORT","AGV-062","SIM","Simulation AGV","CNTR-0000062","AGO-G-04","40","FULL","N","N","40HQ","","2026-09-10 00:12:12","2026-09-10 00:38:00","2026-09-10 00:12:12","2026-09-10 00:12:22","2026-09-10 00:23:13","2026-09-10 00:23:23","2026-09-10 00:15:02","2026-09-10 00:15:20","2026-09-10 00:16:23","2026-09-10 00:16:43","SYNTHETIC","VOY-008",5,"AGO-000062","2026-09-10 00:15:12","Y","WI-0000062","ORC-0000062","SYN0000062","SIMULATOR","2026-09-10 00:12:17","2026-09-10 00:12:20","2026-09-10 00:14:54","2026-09-10 00:14:59","TP-F1-S-62","TP-F1-E-62","TP-F2-S-62","TP-F2-E-62","TP-L1-S-62","TP-L1-E-62","TP-L2-S-62","TP-L2-E-62","PB-FREE-02","PB-FULL-02",9016.8,"2026-09-10 00:00:00"
"TAA-20260910-000063","2026-09-10",2,"W07","AGV","IMPORT","AGV-063","SIM","Simulation AGV","CNTR-0000063","AGO-G-05","40","FULL","N","N","40HQ","","2026-09-10 00:12:24","2026-09-10 00:38:54","2026-09-10 00:12:24","2026-09-10 00:12:34","2026-09-10 00:23:22","2026-09-10 00:23:32","2026-09-10 00:16:05","2026-09-10 00:16:23","2026-09-10 00:17:45","2026-09-10 00:18:05","SYNTHETIC","VOY-009",6,"AGO-000063","2026-09-10 00:15:24","Y","WI-0000063","ORC-0000063","SYN0000063","SIMULATOR","2026-09-10 00:12:29","2026-09-10 00:12:32","2026-09-10 00:15:57","2026-09-10 00:16:02","TP-F1-S-63","TP-F1-E-63","TP-F2-S-63","TP-F2-E-63","TP-L1-S-63","TP-L1-E-63","TP-L2-S-63","TP-L2-E-63","PB-FREE-03","PB-FULL-03",9280.1,"2026-09-10 00:00:00"
"TAA-20260910-000064","2026-09-10",2,"W08","AGV","EXPORT","AGV-064","SIM","Simulation AGV","CNTR-0000064","AGO-G-06","20","FULL","N","N","20GP","","2026-09-10 00:12:36","2026-09-10 00:39:26","2026-09-10 00:12:36","2026-09-10 00:12:46","2026-09-10 00:24:05","2026-09-10 00:24:15","2026-09-10 00:17:19","2026-09-10 00:17:37","2026-09-10 00:19:22","2026-09-10 00:19:42","SYNTHETIC","VOY-010",7,"AGO-000064","2026-09-10 00:15:36","Y","WI-0000064","ORC-0000064","SYN0000064","SIMULATOR","2026-09-10 00:12:41","2026-09-10 00:12:44","2026-09-10 00:17:11","2026-09-10 00:17:16","TP-F1-S-64","TP-F1-E-64","TP-F2-S-64","TP-F2-E-64","TP-L1-S-64","TP-L1-E-64","TP-L2-S-64","TP-L2-E-64","PB-FREE-04","PB-FULL-04",9350.9,"2026-09-10 00:00:00"
"TAA-20260910-000065","2026-09-10",2,"W01","AGV","IMPORT","AGV-065","SIM","Simulation AGV","CNTR-0000065","AGO-G-07","40","FULL","N","N","40HQ","","2026-09-10 00:12:48","2026-09-10 00:41:30","2026-09-10 00:12:48","2026-09-10 00:12:58","2026-09-10 00:25:26","2026-09-10 00:25:36","2026-09-10 00:15:22","2026-09-10 00:15:40","2026-09-10 00:16:36","2026-09-10 00:16:56","SYNTHETIC","VOY-011",8,"AGO-000065","2026-09-10 00:15:48","Y","WI-0000065","ORC-0000065","SYN0000065","SIMULATOR","2026-09-10 00:12:53","2026-09-10 00:12:56","2026-09-10 00:15:14","2026-09-10 00:15:19","TP-F1-S-65","TP-F1-E-65","TP-F2-S-65","TP-F2-E-65","TP-L1-S-65","TP-L1-E-65","TP-L2-S-65","TP-L2-E-65","PB-FREE-05","PB-FULL-05",9868.3,"2026-09-10 00:00:00"
"TAA-20260910-000066","2026-09-10",2,"W02","AGV","EXPORT","AGV-066","SIM","Simulation AGV","CNTR-0000066","AGO-G-08","40","FULL","N","N","40HQ","","2026-09-10 00:13:00","2026-09-10 00:39:14","2026-09-10 00:13:00","2026-09-10 00:13:10","2026-09-10 00:24:18","2026-09-10 00:24:28","2026-09-10 00:16:09","2026-09-10 00:16:27","2026-09-10 00:17:37","2026-09-10 00:17:57","SYNTHETIC","VOY-012",9,"AGO-000066","2026-09-10 00:16:00","Y","WI-0000066","ORC-0000066","SYN0000066","SIMULATOR","2026-09-10 00:13:05","2026-09-10 00:13:08","2026-09-10 00:16:01","2026-09-10 00:16:06","TP-F1-S-66","TP-F1-E-66","TP-F2-S-66","TP-F2-E-66","TP-L1-S-66","TP-L1-E-66","TP-L2-S-66","TP-L2-E-66","PB-FREE-06","PB-FULL-06",9117.1,"2026-09-10 00:00:00"
"TAA-20260910-000067","2026-09-10",2,"W03","AGV","IMPORT","AGV-067","SIM","Simulation AGV","CNTR-0000067","AGO-G-09","20","FULL","N","N","20GP","","2026-09-10 00:13:12","2026-09-10 00:38:10","2026-09-10 00:13:12","2026-09-10 00:13:22","2026-09-10 00:23:38","2026-09-10 00:23:48","2026-09-10 00:16:41","2026-09-10 00:16:59","2026-09-10 00:18:16","2026-09-10 00:18:36","SYNTHETIC","VOY-013",10,"AGO-000067","2026-09-10 00:16:12","Y","WI-0000067","ORC-0000067","SYN0000067","SIMULATOR","2026-09-10 00:13:17","2026-09-10 00:13:20","2026-09-10 00:16:33","2026-09-10 00:16:38","TP-F1-S-67","TP-F1-E-67","TP-F2-S-67","TP-F2-E-67","TP-L1-S-67","TP-L1-E-67","TP-L2-S-67","TP-L2-E-67","PB-FREE-07","PB-FULL-07",8589.1,"2026-09-10 00:00:00"
"TAA-20260910-000068","2026-09-10",2,"W04","AGV","EXPORT","AGV-068","SIM","Simulation AGV","CNTR-0000068","AGO-G-10","40","FULL","N","N","40HQ","","2026-09-10 00:13:24","2026-09-10 00:37:48","2026-09-10 00:13:24","2026-09-10 00:13:34","2026-09-10 00:23:59","2026-09-10 00:24:09","2026-09-10 00:17:52","2026-09-10 00:18:10","2026-09-10 00:19:49","2026-09-10 00:20:09","SYNTHETIC","VOY-014",11,"AGO-000068","2026-09-10 00:16:24","Y","WI-0000068","ORC-0000068","SYN0000068","SIMULATOR","2026-09-10 00:13:29","2026-09-10 00:13:32","2026-09-10 00:17:44","2026-09-10 00:17:49","TP-F1-S-68","TP-F1-E-68","TP-F2-S-68","TP-F2-E-68","TP-L1-S-68","TP-L1-E-68","TP-L2-S-68","TP-L2-E-68","PB-FREE-08","PB-FULL-08",8498.6,"2026-09-10 00:00:00"
"TAA-20260910-000069","2026-09-10",2,"W05","AGV","IMPORT","AGV-069","SIM","Simulation AGV","CNTR-0000069","AGO-G-11","40","FULL","N","N","40HQ","","2026-09-10 00:13:36","2026-09-10 00:41:24","2026-09-10 00:13:36","2026-09-10 00:13:46","2026-09-10 00:27:06","2026-09-10 00:27:16","2026-09-10 00:18:05","2026-09-10 00:18:23","2026-09-10 00:20:02","2026-09-10 00:20:22","SYNTHETIC","VOY-015",12,"AGO-000069","2026-09-10 00:16:36","Y","WI-0000069","ORC-0000069","SYN0000069","SIMULATOR","2026-09-10 00:13:41","2026-09-10 00:13:44","2026-09-10 00:17:57","2026-09-10 00:18:02","TP-F1-S-69","TP-F1-E-69","TP-F2-S-69","TP-F2-E-69","TP-L1-S-69","TP-L1-E-69","TP-L2-S-69","TP-L2-E-69","PB-FREE-09","PB-FULL-09",9711.1,"2026-09-10 00:00:00"
"TAA-20260910-000070","2026-09-10",2,"W06","AGV","EXPORT","AGV-070","SIM","Simulation AGV","CNTR-0000070","AGO-G-12","20","FULL","N","N","20GP","","2026-09-10 00:13:48","2026-09-10 00:36:43","2026-09-10 00:13:48","2026-09-10 00:13:58","2026-09-10 00:23:06","2026-09-10 00:23:16","2026-09-10 00:16:21","2026-09-10 00:16:39","2026-09-10 00:17:36","2026-09-10 00:17:56","SYNTHETIC","VOY-016",13,"AGO-000070","2026-09-10 00:16:48","Y","WI-0000070","ORC-0000070","SYN0000070","SIMULATOR","2026-09-10 00:13:53","2026-09-10 00:13:56","2026-09-10 00:16:13","2026-09-10 00:16:18","TP-F1-S-70","TP-F1-E-70","TP-F2-S-70","TP-F2-E-70","TP-L1-S-70","TP-L1-E-70","TP-L2-S-70","TP-L2-E-70","PB-FREE-10","PB-FULL-10",7785,"2026-09-10 00:00:00"
"TAA-20260910-000071","2026-09-10",2,"W07","AGV","IMPORT","AGV-071","SIM","Simulation AGV","CNTR-0000071","AGO-G-13","40","FULL","N","N","40HQ","","2026-09-10 00:14:00","2026-09-10 00:36:08","2026-09-10 00:14:00","2026-09-10 00:14:10","2026-09-10 00:23:21","2026-09-10 00:23:31","2026-09-10 00:17:43","2026-09-10 00:18:01","2026-09-10 00:19:23","2026-09-10 00:19:43","SYNTHETIC","VOY-017",14,"AGO-000071","2026-09-10 00:17:00","Y","WI-0000071","ORC-0000071","SYN0000071","SIMULATOR","2026-09-10 00:14:05","2026-09-10 00:14:08","2026-09-10 00:17:35","2026-09-10 00:17:40","TP-F1-S-71","TP-F1-E-71","TP-F2-S-71","TP-F2-E-71","TP-L1-S-71","TP-L1-E-71","TP-L2-S-71","TP-L2-E-71","PB-FREE-11","PB-FULL-11",7631.1,"2026-09-10 00:00:00"
"TAA-20260910-000072","2026-09-10",2,"W08","AGV","EXPORT","AGV-072","SIM","Simulation AGV","CNTR-0000072","AGO-G-14","40","FULL","N","N","40HQ","","2026-09-10 00:14:12","2026-09-10 00:34:52","2026-09-10 00:14:12","2026-09-10 00:14:22","2026-09-10 00:23:00","2026-09-10 00:23:10","2026-09-10 00:18:39","2026-09-10 00:18:57","2026-09-10 00:20:35","2026-09-10 00:20:55","SYNTHETIC","VOY-018",15,"AGO-000072","2026-09-10 00:17:12","Y","WI-0000072","ORC-0000072","SYN0000072","SIMULATOR","2026-09-10 00:14:17","2026-09-10 00:14:20","2026-09-10 00:18:31","2026-09-10 00:18:36","TP-F1-S-72","TP-F1-E-72","TP-F2-S-72","TP-F2-E-72","TP-L1-S-72","TP-L1-E-72","TP-L2-S-72","TP-L2-E-72","PB-FREE-12","PB-FULL-12",7235.3,"2026-09-10 00:00:00"
"TAA-20260910-000073","2026-09-10",2,"W01","AGV","IMPORT","AGV-073","SIM","Simulation AGV","CNTR-0000073","AGO-G-15","20","FULL","N","N","20GP","","2026-09-10 00:14:24","2026-09-10 00:41:59","2026-09-10 00:14:24","2026-09-10 00:14:34","2026-09-10 00:28:07","2026-09-10 00:28:17","2026-09-10 00:17:58","2026-09-10 00:18:16","2026-09-10 00:19:35","2026-09-10 00:19:55","SYNTHETIC","VOY-001",4,"AGO-000073","2026-09-10 00:17:24","Y","WI-0000073","ORC-0000073","SYN0000073","SIMULATOR","2026-09-10 00:14:29","2026-09-10 00:14:32","2026-09-10 00:17:50","2026-09-10 00:17:55","TP-F1-S-73","TP-F1-E-73","TP-F2-S-73","TP-F2-E-73","TP-L1-S-73","TP-L1-E-73","TP-L2-S-73","TP-L2-E-73","PB-FREE-01","PB-FULL-01",9412,"2026-09-10 00:00:00"
"TAA-20260910-000074","2026-09-10",2,"W02","AGV","EXPORT","AGV-074","SIM","Simulation AGV","CNTR-0000074","AGO-G-16","40","FULL","N","N","40HQ","","2026-09-10 00:14:36","2026-09-10 00:37:24","2026-09-10 00:14:36","2026-09-10 00:14:46","2026-09-10 00:24:39","2026-09-10 00:24:49","2026-09-10 00:16:37","2026-09-10 00:16:55","2026-09-10 00:17:39","2026-09-10 00:17:59","SYNTHETIC","VOY-002",5,"AGO-000074","2026-09-10 00:17:36","Y","WI-0000074","ORC-0000074","SYN0000074","SIMULATOR","2026-09-10 00:14:41","2026-09-10 00:14:44","2026-09-10 00:16:29","2026-09-10 00:16:34","TP-F1-S-74","TP-F1-E-74","TP-F2-S-74","TP-F2-E-74","TP-L1-S-74","TP-L1-E-74","TP-L2-S-74","TP-L2-E-74","PB-FREE-02","PB-FULL-02",7704.2,"2026-09-10 00:00:00"
"TAA-20260910-000075","2026-09-10",2,"W03","AGV","IMPORT","AGV-075","SIM","Simulation AGV","CNTR-0000075","AGO-G-17","40","FULL","N","N","40HQ","","2026-09-10 00:14:48","2026-09-10 00:34:15","2026-09-10 00:14:48","2026-09-10 00:14:58","2026-09-10 00:22:33","2026-09-10 00:22:43","2026-09-10 00:16:15","2026-09-10 00:16:33","2026-09-10 00:17:05","2026-09-10 00:17:25","SYNTHETIC","VOY-003",6,"AGO-000075","2026-09-10 00:17:48","Y","WI-0000075","ORC-0000075","SYN0000075","SIMULATOR","2026-09-10 00:14:53","2026-09-10 00:14:56","2026-09-10 00:16:07","2026-09-10 00:16:12","TP-F1-S-75","TP-F1-E-75","TP-F2-S-75","TP-F2-E-75","TP-L1-S-75","TP-L1-E-75","TP-L2-S-75","TP-L2-E-75","PB-FREE-03","PB-FULL-03",6569.3,"2026-09-10 00:00:00"
"TAA-20260910-000076","2026-09-10",2,"W04","AGV","EXPORT","AGV-076","SIM","Simulation AGV","CNTR-0000076","AGO-G-18","20","FULL","N","N","20GP","","2026-09-10 00:15:00","2026-09-10 00:34:57","2026-09-10 00:15:00","2026-09-10 00:15:10","2026-09-10 00:23:23","2026-09-10 00:23:33","2026-09-10 00:17:33","2026-09-10 00:17:51","2026-09-10 00:18:48","2026-09-10 00:19:08","SYNTHETIC","VOY-004",7,"AGO-000076","2026-09-10 00:18:00","Y","WI-0000076","ORC-0000076","SYN0000076","SIMULATOR","2026-09-10 00:15:05","2026-09-10 00:15:08","2026-09-10 00:17:25","2026-09-10 00:17:30","TP-F1-S-76","TP-F1-E-76","TP-F2-S-76","TP-F2-E-76","TP-L1-S-76","TP-L1-E-76","TP-L2-S-76","TP-L2-E-76","PB-FREE-04","PB-FULL-04",6692.9,"2026-09-10 00:00:00"
"TAA-20260910-000077","2026-09-10",2,"W05","AGV","IMPORT","AGV-077","SIM","Simulation AGV","CNTR-0000077","AGO-G-19","40","FULL","N","N","40HQ","","2026-09-10 00:15:12","2026-09-10 00:43:31","2026-09-10 00:15:12","2026-09-10 00:15:22","2026-09-10 00:30:46","2026-09-10 00:30:56","2026-09-10 00:20:00","2026-09-10 00:20:18","2026-09-10 00:22:04","2026-09-10 00:22:24","SYNTHETIC","VOY-005",8,"AGO-000077","2026-09-10 00:18:12","Y","WI-0000077","ORC-0000077","SYN0000077","SIMULATOR","2026-09-10 00:15:17","2026-09-10 00:15:20","2026-09-10 00:19:52","2026-09-10 00:19:57","TP-F1-S-77","TP-F1-E-77","TP-F2-S-77","TP-F2-E-77","TP-L1-S-77","TP-L1-E-77","TP-L2-S-77","TP-L2-E-77","PB-FREE-05","PB-FULL-05",9750.2,"2026-09-10 00:00:00"
"TAA-20260910-000078","2026-09-10",2,"W06","AGV","EXPORT","AGV-078","SIM","Simulation AGV","CNTR-0000078","AGO-G-20","40","FULL","N","N","40HQ","","2026-09-10 00:15:24","2026-09-10 00:38:33","2026-09-10 00:15:24","2026-09-10 00:15:34","2026-09-10 00:27:06","2026-09-10 00:27:16","2026-09-10 00:18:55","2026-09-10 00:19:13","2026-09-10 00:20:31","2026-09-10 00:20:51","SYNTHETIC","VOY-006",9,"AGO-000078","2026-09-10 00:18:24","Y","WI-0000078","ORC-0000078","SYN0000078","SIMULATOR","2026-09-10 00:15:29","2026-09-10 00:15:32","2026-09-10 00:18:47","2026-09-10 00:18:52","TP-F1-S-78","TP-F1-E-78","TP-F2-S-78","TP-F2-E-78","TP-L1-S-78","TP-L1-E-78","TP-L2-S-78","TP-L2-E-78","PB-FREE-06","PB-FULL-06",7940.3,"2026-09-10 00:00:00"
"TAA-20260910-000079","2026-09-10",2,"W07","AGV","IMPORT","AGV-079","SIM","Simulation AGV","CNTR-0000079","AGO-G-21","20","FULL","N","N","20GP","","2026-09-10 00:15:36","2026-09-10 00:35:27","2026-09-10 00:15:36","2026-09-10 00:15:46","2026-09-10 00:24:30","2026-09-10 00:24:40","2026-09-10 00:18:02","2026-09-10 00:18:20","2026-09-10 00:19:14","2026-09-10 00:19:34","SYNTHETIC","VOY-007",10,"AGO-000079","2026-09-10 00:18:36","Y","WI-0000079","ORC-0000079","SYN0000079","SIMULATOR","2026-09-10 00:15:41","2026-09-10 00:15:44","2026-09-10 00:17:54","2026-09-10 00:17:59","TP-F1-S-79","TP-F1-E-79","TP-F2-S-79","TP-F2-E-79","TP-L1-S-79","TP-L1-E-79","TP-L2-S-79","TP-L2-E-79","PB-FREE-07","PB-FULL-07",6611.9,"2026-09-10 00:00:00"
"TAA-20260910-000080","2026-09-10",2,"W08","AGV","EXPORT","AGV-080","SIM","Simulation AGV","CNTR-0000080","AGO-G-22","40","FULL","N","N","40HQ","","2026-09-10 00:15:48","2026-09-10 00:34:08","2026-09-10 00:15:48","2026-09-10 00:15:58","2026-09-10 00:23:57","2026-09-10 00:24:07","2026-09-10 00:18:33","2026-09-10 00:18:51","2026-09-10 00:19:52","2026-09-10 00:20:12","SYNTHETIC","VOY-008",11,"AGO-000080","2026-09-10 00:18:48","Y","WI-0000080","ORC-0000080","SYN0000080","SIMULATOR","2026-09-10 00:15:53","2026-09-10 00:15:56","2026-09-10 00:18:25","2026-09-10 00:18:30","TP-F1-S-80","TP-F1-E-80","TP-F2-S-80","TP-F2-E-80","TP-L1-S-80","TP-L1-E-80","TP-L2-S-80","TP-L2-E-80","PB-FREE-08","PB-FULL-08",6150.8,"2026-09-10 00:00:00"
"TAA-20260910-000081","2026-09-10",2,"W01","AGV","IMPORT","AGV-081","SIM","Simulation AGV","CNTR-0000081","AGO-G-23","40","FULL","N","N","40HQ","","2026-09-10 00:16:00","2026-09-10 00:42:57","2026-09-10 00:16:00","2026-09-10 00:16:10","2026-09-10 00:31:53","2026-09-10 00:32:03","2026-09-10 00:22:17","2026-09-10 00:22:35","2026-09-10 00:24:54","2026-09-10 00:25:14","SYNTHETIC","VOY-009",12,"AGO-000081","2026-09-10 00:19:00","Y","WI-0000081","ORC-0000081","SYN0000081","SIMULATOR","2026-09-10 00:16:05","2026-09-10 00:16:08","2026-09-10 00:22:09","2026-09-10 00:22:14","TP-F1-S-81","TP-F1-E-81","TP-F2-S-81","TP-F2-E-81","TP-L1-S-81","TP-L1-E-81","TP-L2-S-81","TP-L2-E-81","PB-FREE-09","PB-FULL-09",9393.9,"2026-09-10 00:00:00"
"TAA-20260910-000082","2026-09-10",2,"W02","AGV","EXPORT","AGV-082","SIM","Simulation AGV","CNTR-0000082","AGO-G-24","20","FULL","N","N","20GP","","2026-09-10 00:16:12","2026-09-10 00:38:52","2026-09-10 00:16:12","2026-09-10 00:16:22","2026-09-10 00:28:25","2026-09-10 00:28:35","2026-09-10 00:20:55","2026-09-10 00:21:13","2026-09-10 00:22:58","2026-09-10 00:23:18","SYNTHETIC","VOY-010",13,"AGO-000082","2026-09-10 00:19:12","Y","WI-0000082","ORC-0000082","SYN0000082","SIMULATOR","2026-09-10 00:16:17","2026-09-10 00:16:20","2026-09-10 00:20:47","2026-09-10 00:20:52","TP-F1-S-82","TP-F1-E-82","TP-F2-S-82","TP-F2-E-82","TP-L1-S-82","TP-L1-E-82","TP-L2-S-82","TP-L2-E-82","PB-FREE-10","PB-FULL-10",7699.2,"2026-09-10 00:00:00"
"TAA-20260910-000083","2026-09-10",2,"W03","AGV","IMPORT","AGV-083","SIM","Simulation AGV","CNTR-0000083","AGO-G-25","40","FULL","N","N","40HQ","","2026-09-10 00:16:24","2026-09-10 00:36:02","2026-09-10 00:16:24","2026-09-10 00:16:34","2026-09-10 00:26:32","2026-09-10 00:26:42","2026-09-10 00:20:43","2026-09-10 00:21:01","2026-09-10 00:22:36","2026-09-10 00:22:56","SYNTHETIC","VOY-011",14,"AGO-000083","2026-09-10 00:19:24","Y","WI-0000083","ORC-0000083","SYN0000083","SIMULATOR","2026-09-10 00:16:29","2026-09-10 00:16:32","2026-09-10 00:20:35","2026-09-10 00:20:40","TP-F1-S-83","TP-F1-E-83","TP-F2-S-83","TP-F2-E-83","TP-L1-S-83","TP-L1-E-83","TP-L2-S-83","TP-L2-E-83","PB-FREE-11","PB-FULL-11",6663.1,"2026-09-10 00:00:00"
"TAA-20260910-000084","2026-09-10",2,"W04","AGV","EXPORT","AGV-084","SIM","Simulation AGV","CNTR-0000084","AGO-G-26","40","FULL","N","N","40HQ","","2026-09-10 00:16:36","2026-09-10 00:32:12","2026-09-10 00:16:36","2026-09-10 00:16:46","2026-09-10 00:23:46","2026-09-10 00:23:56","2026-09-10 00:19:51","2026-09-10 00:20:09","2026-09-10 00:21:21","2026-09-10 00:21:41","SYNTHETIC","VOY-012",15,"AGO-000084","2026-09-10 00:19:36","Y","WI-0000084","ORC-0000084","SYN0000084","SIMULATOR","2026-09-10 00:16:41","2026-09-10 00:16:44","2026-09-10 00:19:43","2026-09-10 00:19:48","TP-F1-S-84","TP-F1-E-84","TP-F2-S-84","TP-F2-E-84","TP-L1-S-84","TP-L1-E-84","TP-L2-S-84","TP-L2-E-84","PB-FREE-12","PB-FULL-12",5256.8,"2026-09-10 00:00:00"
"TAA-20260910-000085","2026-09-10",2,"W05","AGV","IMPORT","AGV-085","SIM","Simulation AGV","CNTR-0000085","AGO-G-27","20","FULL","N","N","20GP","","2026-09-10 00:16:48","2026-09-10 00:44:25","2026-09-10 00:16:48","2026-09-10 00:16:58","2026-09-10 00:33:36","2026-09-10 00:33:46","2026-09-10 00:22:36","2026-09-10 00:22:54","2026-09-10 00:25:03","2026-09-10 00:25:23","SYNTHETIC","VOY-013",4,"AGO-000085","2026-09-10 00:19:48","Y","WI-0000085","ORC-0000085","SYN0000085","SIMULATOR","2026-09-10 00:16:53","2026-09-10 00:16:56","2026-09-10 00:22:28","2026-09-10 00:22:33","TP-F1-S-85","TP-F1-E-85","TP-F2-S-85","TP-F2-E-85","TP-L1-S-85","TP-L1-E-85","TP-L2-S-85","TP-L2-E-85","PB-FREE-01","PB-FULL-01",9423.2,"2026-09-10 00:00:00"
"TAA-20260910-000086","2026-09-10",2,"W06","AGV","EXPORT","AGV-086","SIM","Simulation AGV","CNTR-0000086","AGO-G-28","40","FULL","N","N","40HQ","","2026-09-10 00:17:00","2026-09-10 00:39:54","2026-09-10 00:17:00","2026-09-10 00:17:10","2026-09-10 00:30:09","2026-09-10 00:30:19","2026-09-10 00:21:15","2026-09-10 00:21:33","2026-09-10 00:23:07","2026-09-10 00:23:27","SYNTHETIC","VOY-014",5,"AGO-000086","2026-09-10 00:20:00","Y","WI-0000086","ORC-0000086","SYN0000086","SIMULATOR","2026-09-10 00:17:05","2026-09-10 00:17:08","2026-09-10 00:21:07","2026-09-10 00:21:12","TP-F1-S-86","TP-F1-E-86","TP-F2-S-86","TP-F2-E-86","TP-L1-S-86","TP-L1-E-86","TP-L2-S-86","TP-L2-E-86","PB-FREE-02","PB-FULL-02",7733.6,"2026-09-10 00:00:00"
"TAA-20260910-000087","2026-09-10",2,"W07","AGV","IMPORT","AGV-087","SIM","Simulation AGV","CNTR-0000087","AGO-G-29","40","FULL","N","N","40HQ","","2026-09-10 00:17:12","2026-09-10 00:36:15","2026-09-10 00:17:12","2026-09-10 00:17:22","2026-09-10 00:27:58","2026-09-10 00:28:08","2026-09-10 00:20:36","2026-09-10 00:20:54","2026-09-10 00:22:09","2026-09-10 00:22:29","SYNTHETIC","VOY-015",6,"AGO-000087","2026-09-10 00:20:12","Y","WI-0000087","ORC-0000087","SYN0000087","SIMULATOR","2026-09-10 00:17:17","2026-09-10 00:17:20","2026-09-10 00:20:28","2026-09-10 00:20:33","TP-F1-S-87","TP-F1-E-87","TP-F2-S-87","TP-F2-E-87","TP-L1-S-87","TP-L1-E-87","TP-L2-S-87","TP-L2-E-87","PB-FREE-03","PB-FULL-03",6436.3,"2026-09-10 00:00:00"
"TAA-20260910-000088","2026-09-10",2,"W08","AGV","EXPORT","AGV-088","SIM","Simulation AGV","CNTR-0000088","AGO-G-01","20","FULL","N","N","20GP","","2026-09-10 00:17:24","2026-09-10 00:46:36","2026-09-10 00:17:24","2026-09-10 00:17:34","2026-09-10 00:30:23","2026-09-10 00:30:33","2026-09-10 00:23:04","2026-09-10 00:23:22","2026-09-10 00:25:27","2026-09-10 00:25:47","SYNTHETIC","VOY-016",7,"AGO-000088","2026-09-10 00:20:24","Y","WI-0000088","ORC-0000088","SYN0000088","SIMULATOR","2026-09-10 00:17:29","2026-09-10 00:17:32","2026-09-10 00:22:56","2026-09-10 00:23:01","TP-F1-S-88","TP-F1-E-88","TP-F2-S-88","TP-F2-E-88","TP-L1-S-88","TP-L1-E-88","TP-L2-S-88","TP-L2-E-88","PB-FREE-04","PB-FULL-04",10325.8,"2026-09-10 00:00:00"
"TAA-20260910-000089","2026-09-10",2,"W01","AGV","IMPORT","AGV-089","SIM","Simulation AGV","CNTR-0000089","AGO-G-02","40","FULL","N","N","40HQ","","2026-09-10 00:17:36","2026-09-10 00:47:28","2026-09-10 00:17:36","2026-09-10 00:17:46","2026-09-10 00:30:37","2026-09-10 00:30:47","2026-09-10 00:20:16","2026-09-10 00:20:34","2026-09-10 00:21:33","2026-09-10 00:21:53","SYNTHETIC","VOY-017",8,"AGO-000089","2026-09-10 00:20:36","Y","WI-0000089","ORC-0000089","SYN0000089","SIMULATOR","2026-09-10 00:17:41","2026-09-10 00:17:44","2026-09-10 00:20:08","2026-09-10 00:20:13","TP-F1-S-89","TP-F1-E-89","TP-F2-S-89","TP-F2-E-89","TP-L1-S-89","TP-L1-E-89","TP-L2-S-89","TP-L2-E-89","PB-FREE-05","PB-FULL-05",10376.8,"2026-09-10 00:00:00"
"TAA-20260910-000090","2026-09-10",2,"W02","AGV","EXPORT","AGV-090","SIM","Simulation AGV","CNTR-0000090","AGO-G-03","40","FULL","N","N","40HQ","","2026-09-10 00:17:48","2026-09-10 00:45:39","2026-09-10 00:17:48","2026-09-10 00:17:58","2026-09-10 00:29:54","2026-09-10 00:30:04","2026-09-10 00:21:22","2026-09-10 00:21:40","2026-09-10 00:22:58","2026-09-10 00:23:18","SYNTHETIC","VOY-018",9,"AGO-000090","2026-09-10 00:20:48","Y","WI-0000090","ORC-0000090","SYN0000090","SIMULATOR","2026-09-10 00:17:53","2026-09-10 00:17:56","2026-09-10 00:21:14","2026-09-10 00:21:19","TP-F1-S-90","TP-F1-E-90","TP-F2-S-90","TP-F2-E-90","TP-L1-S-90","TP-L1-E-90","TP-L2-S-90","TP-L2-E-90","PB-FREE-06","PB-FULL-06",9802.9,"2026-09-10 00:00:00"
"TAA-20260910-000091","2026-09-10",2,"W03","AGV","IMPORT","AGV-091","SIM","Simulation AGV","CNTR-0000091","AGO-G-04","20","FULL","N","N","20GP","","2026-09-10 00:18:00","2026-09-10 00:45:23","2026-09-10 00:18:00","2026-09-10 00:18:10","2026-09-10 00:29:57","2026-09-10 00:30:07","2026-09-10 00:22:25","2026-09-10 00:22:43","2026-09-10 00:24:21","2026-09-10 00:24:41","SYNTHETIC","VOY-001",10,"AGO-000091","2026-09-10 00:21:00","Y","WI-0000091","ORC-0000091","SYN0000091","SIMULATOR","2026-09-10 00:18:05","2026-09-10 00:18:08","2026-09-10 00:22:17","2026-09-10 00:22:22","TP-F1-S-91","TP-F1-E-91","TP-F2-S-91","TP-F2-E-91","TP-L1-S-91","TP-L1-E-91","TP-L2-S-91","TP-L2-E-91","PB-FREE-07","PB-FULL-07",9581.5,"2026-09-10 00:00:00"
"TAA-20260910-000092","2026-09-10",2,"W04","AGV","EXPORT","AGV-092","SIM","Simulation AGV","CNTR-0000092","AGO-G-05","40","FULL","N","N","40HQ","","2026-09-10 00:18:12","2026-09-10 00:45:02","2026-09-10 00:18:12","2026-09-10 00:18:22","2026-09-10 00:30:19","2026-09-10 00:30:29","2026-09-10 00:23:36","2026-09-10 00:23:54","2026-09-10 00:25:53","2026-09-10 00:26:13","SYNTHETIC","VOY-002",11,"AGO-000092","2026-09-10 00:21:12","Y","WI-0000092","ORC-0000092","SYN0000092","SIMULATOR","2026-09-10 00:18:17","2026-09-10 00:18:20","2026-09-10 00:23:28","2026-09-10 00:23:33","TP-F1-S-92","TP-F1-E-92","TP-F2-S-92","TP-F2-E-92","TP-L1-S-92","TP-L1-E-92","TP-L2-S-92","TP-L2-E-92","PB-FREE-08","PB-FULL-08",9498.5,"2026-09-10 00:00:00"
"TAA-20260910-000093","2026-09-10",2,"W05","AGV","IMPORT","AGV-093","SIM","Simulation AGV","CNTR-0000093","AGO-G-06","40","FULL","N","N","40HQ","","2026-09-10 00:18:24","2026-09-10 00:45:35","2026-09-10 00:18:24","2026-09-10 00:18:34","2026-09-10 00:30:34","2026-09-10 00:30:44","2026-09-10 00:21:44","2026-09-10 00:22:02","2026-09-10 00:23:15","2026-09-10 00:23:35","SYNTHETIC","VOY-003",12,"AGO-000093","2026-09-10 00:21:24","Y","WI-0000093","ORC-0000093","SYN0000093","SIMULATOR","2026-09-10 00:18:29","2026-09-10 00:18:32","2026-09-10 00:21:36","2026-09-10 00:21:41","TP-F1-S-93","TP-F1-E-93","TP-F2-S-93","TP-F2-E-93","TP-L1-S-93","TP-L1-E-93","TP-L2-S-93","TP-L2-E-93","PB-FREE-09","PB-FULL-09",9519.6,"2026-09-10 00:00:00"
"TAA-20260910-000094","2026-09-10",2,"W06","AGV","EXPORT","AGV-094","SIM","Simulation AGV","CNTR-0000094","AGO-G-07","20","FULL","N","N","20GP","","2026-09-10 00:18:36","2026-09-10 00:44:42","2026-09-10 00:18:36","2026-09-10 00:18:46","2026-09-10 00:29:28","2026-09-10 00:29:38","2026-09-10 00:22:14","2026-09-10 00:22:32","2026-09-10 00:23:53","2026-09-10 00:24:13","SYNTHETIC","VOY-004",13,"AGO-000094","2026-09-10 00:21:36","Y","WI-0000094","ORC-0000094","SYN0000094","SIMULATOR","2026-09-10 00:18:41","2026-09-10 00:18:44","2026-09-10 00:22:06","2026-09-10 00:22:11","TP-F1-S-94","TP-F1-E-94","TP-F2-S-94","TP-F2-E-94","TP-L1-S-94","TP-L1-E-94","TP-L2-S-94","TP-L2-E-94","PB-FREE-10","PB-FULL-10",9009.6,"2026-09-10 00:00:00"
"TAA-20260910-000095","2026-09-10",2,"W07","AGV","IMPORT","AGV-095","SIM","Simulation AGV","CNTR-0000095","AGO-G-08","40","FULL","N","N","40HQ","","2026-09-10 00:18:48","2026-09-10 00:44:12","2026-09-10 00:18:48","2026-09-10 00:18:58","2026-09-10 00:29:48","2026-09-10 00:29:58","2026-09-10 00:23:40","2026-09-10 00:23:58","2026-09-10 00:25:46","2026-09-10 00:26:06","SYNTHETIC","VOY-005",14,"AGO-000095","2026-09-10 00:21:48","Y","WI-0000095","ORC-0000095","SYN0000095","SIMULATOR","2026-09-10 00:18:53","2026-09-10 00:18:56","2026-09-10 00:23:32","2026-09-10 00:23:37","TP-F1-S-95","TP-F1-E-95","TP-F2-S-95","TP-F2-E-95","TP-L1-S-95","TP-L1-E-95","TP-L2-S-95","TP-L2-E-95","PB-FREE-11","PB-FULL-11",8893.2,"2026-09-10 00:00:00"
"TAA-20260910-000096","2026-09-10",2,"W08","AGV","EXPORT","AGV-096","SIM","Simulation AGV","CNTR-0000096","AGO-G-09","40","FULL","N","N","40HQ","","2026-09-10 00:19:00","2026-09-10 00:42:36","2026-09-10 00:19:00","2026-09-10 00:19:10","2026-09-10 00:29:09","2026-09-10 00:29:19","2026-09-10 00:24:23","2026-09-10 00:24:41","2026-09-10 00:26:40","2026-09-10 00:27:00","SYNTHETIC","VOY-006",15,"AGO-000096","2026-09-10 00:22:00","Y","WI-0000096","ORC-0000096","SYN0000096","SIMULATOR","2026-09-10 00:19:05","2026-09-10 00:19:08","2026-09-10 00:24:15","2026-09-10 00:24:20","TP-F1-S-96","TP-F1-E-96","TP-F2-S-96","TP-F2-E-96","TP-L1-S-96","TP-L1-E-96","TP-L2-S-96","TP-L2-E-96","PB-FREE-12","PB-FULL-12",8362.8,"2026-09-10 00:00:00"
"TAA-20260910-000097","2026-09-10",2,"W01","AGV","IMPORT","AGV-097","SIM","Simulation AGV","CNTR-0000097","AGO-G-10","20","FULL","N","N","20GP","","2026-09-10 00:19:12","2026-09-10 00:46:56","2026-09-10 00:19:12","2026-09-10 00:19:22","2026-09-10 00:31:42","2026-09-10 00:31:52","2026-09-10 00:21:50","2026-09-10 00:22:08","2026-09-10 00:23:06","2026-09-10 00:23:26","SYNTHETIC","VOY-007",4,"AGO-000097","2026-09-10 00:22:12","Y","WI-0000097","ORC-0000097","SYN0000097","SIMULATOR","2026-09-10 00:19:17","2026-09-10 00:19:20","2026-09-10 00:21:42","2026-09-10 00:21:47","TP-F1-S-97","TP-F1-E-97","TP-F2-S-97","TP-F2-E-97","TP-L1-S-97","TP-L1-E-97","TP-L2-S-97","TP-L2-E-97","PB-FREE-01","PB-FULL-01",9461.2,"2026-09-10 00:00:00"
"TAA-20260910-000098","2026-09-10",2,"W02","AGV","EXPORT","AGV-098","SIM","Simulation AGV","CNTR-0000098","AGO-G-11","40","FULL","N","N","40HQ","","2026-09-10 00:19:24","2026-09-10 00:43:00","2026-09-10 00:19:24","2026-09-10 00:19:34","2026-09-10 00:28:50","2026-09-10 00:29:00","2026-09-10 00:20:55","2026-09-10 00:21:13","2026-09-10 00:21:47","2026-09-10 00:22:07","SYNTHETIC","VOY-008",5,"AGO-000098","2026-09-10 00:22:24","Y","WI-0000098","ORC-0000098","SYN0000098","SIMULATOR","2026-09-10 00:19:29","2026-09-10 00:19:32","2026-09-10 00:20:47","2026-09-10 00:20:52","TP-F1-S-98","TP-F1-E-98","TP-F2-S-98","TP-F2-E-98","TP-L1-S-98","TP-L1-E-98","TP-L2-S-98","TP-L2-E-98","PB-FREE-02","PB-FULL-02",8002.8,"2026-09-10 00:00:00"
"TAA-20260910-000099","2026-09-10",2,"W03","AGV","IMPORT","AGV-099","SIM","Simulation AGV","CNTR-0000099","AGO-G-12","40","FULL","N","N","40HQ","","2026-09-10 00:19:36","2026-09-10 00:41:54","2026-09-10 00:19:36","2026-09-10 00:19:46","2026-09-10 00:28:39","2026-09-10 00:28:49","2026-09-10 00:21:59","2026-09-10 00:22:17","2026-09-10 00:23:10","2026-09-10 00:23:30","SYNTHETIC","VOY-009",6,"AGO-000099","2026-09-10 00:22:36","Y","WI-0000099","ORC-0000099","SYN0000099","SIMULATOR","2026-09-10 00:19:41","2026-09-10 00:19:44","2026-09-10 00:21:51","2026-09-10 00:21:56","TP-F1-S-99","TP-F1-E-99","TP-F2-S-99","TP-F2-E-99","TP-L1-S-99","TP-L1-E-99","TP-L2-S-99","TP-L2-E-99","PB-FREE-03","PB-FULL-03",7673.4,"2026-09-10 00:00:00"
"TAA-20260910-000100","2026-09-10",2,"W04","AGV","EXPORT","AGV-100","SIM","Simulation AGV","CNTR-0000100","AGO-G-13","20","FULL","N","N","20GP","","2026-09-10 00:19:48","2026-09-10 00:42:27","2026-09-10 00:19:48","2026-09-10 00:19:58","2026-09-10 00:29:23","2026-09-10 00:29:33","2026-09-10 00:23:13","2026-09-10 00:23:31","2026-09-10 00:24:47","2026-09-10 00:25:07","SYNTHETIC","VOY-010",7,"AGO-000100","2026-09-10 00:22:48","Y","WI-0000100","ORC-0000100","SYN0000100","SIMULATOR","2026-09-10 00:19:53","2026-09-10 00:19:56","2026-09-10 00:23:05","2026-09-10 00:23:10","TP-F1-S-100","TP-F1-E-100","TP-F2-S-100","TP-F2-E-100","TP-L1-S-100","TP-L1-E-100","TP-L2-S-100","TP-L2-E-100","PB-FREE-04","PB-FULL-04",7744.4,"2026-09-10 00:00:00"
"TAA-20260910-000101","2026-09-10",2,"W05","AGV","IMPORT","AGV-101","SIM","Simulation AGV","CNTR-0000101","AGO-G-14","40","FULL","N","N","40HQ","","2026-09-10 00:20:00","2026-09-10 00:48:22","2026-09-10 00:20:00","2026-09-10 00:20:10","2026-09-10 00:34:18","2026-09-10 00:34:28","2026-09-10 00:23:52","2026-09-10 00:24:10","2026-09-10 00:25:36","2026-09-10 00:25:56","SYNTHETIC","VOY-011",8,"AGO-000101","2026-09-10 00:23:00","Y","WI-0000101","ORC-0000101","SYN0000101","SIMULATOR","2026-09-10 00:20:05","2026-09-10 00:20:08","2026-09-10 00:23:44","2026-09-10 00:23:49","TP-F1-S-101","TP-F1-E-101","TP-F2-S-101","TP-F2-E-101","TP-L1-S-101","TP-L1-E-101","TP-L2-S-101","TP-L2-E-101","PB-FREE-05","PB-FULL-05",9762.3,"2026-09-10 00:00:00"
"TAA-20260910-000102","2026-09-10",2,"W06","AGV","EXPORT","AGV-102","SIM","Simulation AGV","CNTR-0000102","AGO-G-15","40","FULL","N","N","40HQ","","2026-09-10 00:20:12","2026-09-10 00:43:01","2026-09-10 00:20:12","2026-09-10 00:20:22","2026-09-10 00:30:19","2026-09-10 00:30:29","2026-09-10 00:22:34","2026-09-10 00:22:52","2026-09-10 00:23:44","2026-09-10 00:24:04","SYNTHETIC","VOY-012",9,"AGO-000102","2026-09-10 00:23:12","Y","WI-0000102","ORC-0000102","SYN0000102","SIMULATOR","2026-09-10 00:20:17","2026-09-10 00:20:20","2026-09-10 00:22:26","2026-09-10 00:22:31","TP-F1-S-102","TP-F1-E-102","TP-F2-S-102","TP-F2-E-102","TP-L1-S-102","TP-L1-E-102","TP-L2-S-102","TP-L2-E-102","PB-FREE-06","PB-FULL-06",7812,"2026-09-10 00:00:00"
"TAA-20260910-000103","2026-09-10",2,"W07","AGV","IMPORT","AGV-103","SIM","Simulation AGV","CNTR-0000103","AGO-G-16","20","FULL","N","N","20GP","","2026-09-10 00:20:24","2026-09-10 00:41:45","2026-09-10 00:20:24","2026-09-10 00:20:34","2026-09-10 00:29:26","2026-09-10 00:29:36","2026-09-10 00:22:57","2026-09-10 00:23:15","2026-09-10 00:24:12","2026-09-10 00:24:32","SYNTHETIC","VOY-013",10,"AGO-000103","2026-09-10 00:23:24","Y","WI-0000103","ORC-0000103","SYN0000103","SIMULATOR","2026-09-10 00:20:29","2026-09-10 00:20:32","2026-09-10 00:22:49","2026-09-10 00:22:54","TP-F1-S-103","TP-F1-E-103","TP-F2-S-103","TP-F2-E-103","TP-L1-S-103","TP-L1-E-103","TP-L2-S-103","TP-L2-E-103","PB-FREE-07","PB-FULL-07",7199.5,"2026-09-10 00:00:00"
"TAA-20260910-000104","2026-09-10",2,"W08","AGV","EXPORT","AGV-104","SIM","Simulation AGV","CNTR-0000104","AGO-G-17","40","FULL","N","N","40HQ","","2026-09-10 00:20:36","2026-09-10 00:40:50","2026-09-10 00:20:36","2026-09-10 00:20:46","2026-09-10 00:29:17","2026-09-10 00:29:27","2026-09-10 00:23:45","2026-09-10 00:24:03","2026-09-10 00:25:13","2026-09-10 00:25:33","SYNTHETIC","VOY-014",11,"AGO-000104","2026-09-10 00:23:36","Y","WI-0000104","ORC-0000104","SYN0000104","SIMULATOR","2026-09-10 00:20:41","2026-09-10 00:20:44","2026-09-10 00:23:37","2026-09-10 00:23:42","TP-F1-S-104","TP-F1-E-104","TP-F2-S-104","TP-F2-E-104","TP-L1-S-104","TP-L1-E-104","TP-L2-S-104","TP-L2-E-104","PB-FREE-08","PB-FULL-08",6896.4,"2026-09-10 00:00:00"
"TAA-20260910-000105","2026-09-10",2,"W01","AGV","IMPORT","AGV-105","SIM","Simulation AGV","CNTR-0000105","AGO-G-18","40","FULL","N","N","40HQ","","2026-09-10 00:20:48","2026-09-10 00:47:37","2026-09-10 00:20:48","2026-09-10 00:20:58","2026-09-10 00:35:22","2026-09-10 00:35:32","2026-09-10 00:26:09","2026-09-10 00:26:27","2026-09-10 00:28:25","2026-09-10 00:28:45","SYNTHETIC","VOY-015",12,"AGO-000105","2026-09-10 00:23:48","Y","WI-0000105","ORC-0000105","SYN0000105","SIMULATOR","2026-09-10 00:20:53","2026-09-10 00:20:56","2026-09-10 00:26:01","2026-09-10 00:26:06","TP-F1-S-105","TP-F1-E-105","TP-F2-S-105","TP-F2-E-105","TP-L1-S-105","TP-L1-E-105","TP-L2-S-105","TP-L2-E-105","PB-FREE-09","PB-FULL-09",9354.2,"2026-09-10 00:00:00"
"TAA-20260910-000106","2026-09-10",2,"W02","AGV","EXPORT","AGV-106","SIM","Simulation AGV","CNTR-0000106","AGO-G-19","20","FULL","N","N","20GP","","2026-09-10 00:21:00","2026-09-10 00:43:30","2026-09-10 00:21:00","2026-09-10 00:21:10","2026-09-10 00:31:53","2026-09-10 00:32:03","2026-09-10 00:24:47","2026-09-10 00:25:05","2026-09-10 00:26:29","2026-09-10 00:26:49","SYNTHETIC","VOY-016",13,"AGO-000106","2026-09-10 00:24:00","Y","WI-0000106","ORC-0000106","SYN0000106","SIMULATOR","2026-09-10 00:21:05","2026-09-10 00:21:08","2026-09-10 00:24:39","2026-09-10 00:24:44","TP-F1-S-106","TP-F1-E-106","TP-F2-S-106","TP-F2-E-106","TP-L1-S-106","TP-L1-E-106","TP-L2-S-106","TP-L2-E-106","PB-FREE-10","PB-FULL-10",7645.7,"2026-09-10 00:00:00"
"TAA-20260910-000107","2026-09-10",2,"W03","AGV","IMPORT","AGV-107","SIM","Simulation AGV","CNTR-0000107","AGO-G-20","40","FULL","N","N","40HQ","","2026-09-10 00:21:12","2026-09-10 00:40:17","2026-09-10 00:21:12","2026-09-10 00:21:22","2026-09-10 00:29:41","2026-09-10 00:29:51","2026-09-10 00:24:21","2026-09-10 00:24:39","2026-09-10 00:25:49","2026-09-10 00:26:09","SYNTHETIC","VOY-017",14,"AGO-000107","2026-09-10 00:24:12","Y","WI-0000107","ORC-0000107","SYN0000107","SIMULATOR","2026-09-10 00:21:17","2026-09-10 00:21:20","2026-09-10 00:24:13","2026-09-10 00:24:18","TP-F1-S-107","TP-F1-E-107","TP-F2-S-107","TP-F2-E-107","TP-L1-S-107","TP-L1-E-107","TP-L2-S-107","TP-L2-E-107","PB-FREE-11","PB-FULL-11",6467.5,"2026-09-10 00:00:00"
"TAA-20260910-000108","2026-09-10",2,"W04","AGV","EXPORT","AGV-108","SIM","Simulation AGV","CNTR-0000108","AGO-G-21","40","FULL","N","N","40HQ","","2026-09-10 00:21:24","2026-09-10 00:38:10","2026-09-10 00:21:24","2026-09-10 00:21:34","2026-09-10 00:28:31","2026-09-10 00:28:41","2026-09-10 00:24:42","2026-09-10 00:25:00","2026-09-10 00:26:12","2026-09-10 00:26:32","SYNTHETIC","VOY-018",15,"AGO-000108","2026-09-10 00:24:24","Y","WI-0000108","ORC-0000108","SYN0000108","SIMULATOR","2026-09-10 00:21:29","2026-09-10 00:21:32","2026-09-10 00:24:34","2026-09-10 00:24:39","TP-F1-S-108","TP-F1-E-108","TP-F2-S-108","TP-F2-E-108","TP-L1-S-108","TP-L1-E-108","TP-L2-S-108","TP-L2-E-108","PB-FREE-12","PB-FULL-12",5734.4,"2026-09-10 00:00:00"
"TAA-20260910-000109","2026-09-10",2,"W05","AGV","IMPORT","AGV-109","SIM","Simulation AGV","CNTR-0000109","AGO-G-22","20","FULL","N","N","20GP","","2026-09-10 00:21:36","2026-09-10 00:48:55","2026-09-10 00:21:36","2026-09-10 00:21:46","2026-09-10 00:37:01","2026-09-10 00:37:11","2026-09-10 00:26:28","2026-09-10 00:26:46","2026-09-10 00:28:34","2026-09-10 00:28:54","SYNTHETIC","VOY-001",4,"AGO-000109","2026-09-10 00:24:36","Y","WI-0000109","ORC-0000109","SYN0000109","SIMULATOR","2026-09-10 00:21:41","2026-09-10 00:21:44","2026-09-10 00:26:20","2026-09-10 00:26:25","TP-F1-S-109","TP-F1-E-109","TP-F2-S-109","TP-F2-E-109","TP-L1-S-109","TP-L1-E-109","TP-L2-S-109","TP-L2-E-109","PB-FREE-01","PB-FULL-01",9332.2,"2026-09-10 00:00:00"
"TAA-20260910-000110","2026-09-10",2,"W06","AGV","EXPORT","AGV-110","SIM","Simulation AGV","CNTR-0000110","AGO-G-23","40","FULL","N","N","40HQ","","2026-09-10 00:21:48","2026-09-10 00:44:22","2026-09-10 00:21:48","2026-09-10 00:21:58","2026-09-10 00:33:34","2026-09-10 00:33:44","2026-09-10 00:25:07","2026-09-10 00:25:25","2026-09-10 00:26:38","2026-09-10 00:26:58","SYNTHETIC","VOY-002",5,"AGO-000110","2026-09-10 00:24:48","Y","WI-0000110","ORC-0000110","SYN0000110","SIMULATOR","2026-09-10 00:21:53","2026-09-10 00:21:56","2026-09-10 00:24:59","2026-09-10 00:25:04","TP-F1-S-110","TP-F1-E-110","TP-F2-S-110","TP-F2-E-110","TP-L1-S-110","TP-L1-E-110","TP-L2-S-110","TP-L2-E-110","PB-FREE-02","PB-FULL-02",7632.5,"2026-09-10 00:00:00"
"TAA-20260910-000111","2026-09-10",2,"W07","AGV","IMPORT","AGV-111","SIM","Simulation AGV","CNTR-0000111","AGO-G-24","40","FULL","N","N","40HQ","","2026-09-10 00:22:00","2026-09-10 00:40:49","2026-09-10 00:22:00","2026-09-10 00:22:10","2026-09-10 00:31:03","2026-09-10 00:31:13","2026-09-10 00:24:27","2026-09-10 00:24:45","2026-09-10 00:25:40","2026-09-10 00:26:00","SYNTHETIC","VOY-003",6,"AGO-000111","2026-09-10 00:25:00","Y","WI-0000111","ORC-0000111","SYN0000111","SIMULATOR","2026-09-10 00:22:05","2026-09-10 00:22:08","2026-09-10 00:24:19","2026-09-10 00:24:24","TP-F1-S-111","TP-F1-E-111","TP-F2-S-111","TP-F2-E-111","TP-L1-S-111","TP-L1-E-111","TP-L2-S-111","TP-L2-E-111","PB-FREE-03","PB-FULL-03",6335.2,"2026-09-10 00:00:00"
"TAA-20260910-000112","2026-09-10",2,"W08","AGV","EXPORT","AGV-112","SIM","Simulation AGV","CNTR-0000112","AGO-G-25","20","FULL","N","N","20GP","","2026-09-10 00:22:12","2026-09-10 00:39:33","2026-09-10 00:22:12","2026-09-10 00:22:22","2026-09-10 00:30:04","2026-09-10 00:30:14","2026-09-10 00:24:25","2026-09-10 00:24:43","2026-09-10 00:25:32","2026-09-10 00:25:52","SYNTHETIC","VOY-004",7,"AGO-000112","2026-09-10 00:25:12","Y","WI-0000112","ORC-0000112","SYN0000112","SIMULATOR","2026-09-10 00:22:17","2026-09-10 00:22:20","2026-09-10 00:24:17","2026-09-10 00:24:22","TP-F1-S-112","TP-F1-E-112","TP-F2-S-112","TP-F2-E-112","TP-L1-S-112","TP-L1-E-112","TP-L2-S-112","TP-L2-E-112","PB-FREE-04","PB-FULL-04",5697.5,"2026-09-10 00:00:00"
"TAA-20260910-000113","2026-09-10",2,"W01","AGV","IMPORT","AGV-113","SIM","Simulation AGV","CNTR-0000113","AGO-G-26","40","FULL","N","N","40HQ","","2026-09-10 00:22:24","2026-09-10 00:50:35","2026-09-10 00:22:24","2026-09-10 00:22:34","2026-09-10 00:39:42","2026-09-10 00:39:52","2026-09-10 00:28:31","2026-09-10 00:28:49","2026-09-10 00:31:04","2026-09-10 00:31:24","SYNTHETIC","VOY-005",8,"AGO-000113","2026-09-10 00:25:24","Y","WI-0000113","ORC-0000113","SYN0000113","SIMULATOR","2026-09-10 00:22:29","2026-09-10 00:22:32","2026-09-10 00:28:23","2026-09-10 00:28:28","TP-F1-S-113","TP-F1-E-113","TP-F2-S-113","TP-F2-E-113","TP-L1-S-113","TP-L1-E-113","TP-L2-S-113","TP-L2-E-113","PB-FREE-05","PB-FULL-05",9708,"2026-09-10 00:00:00"
"TAA-20260910-000114","2026-09-10",2,"W02","AGV","EXPORT","AGV-114","SIM","Simulation AGV","CNTR-0000114","AGO-G-27","40","FULL","N","N","40HQ","","2026-09-10 00:22:36","2026-09-10 00:45:19","2026-09-10 00:22:36","2026-09-10 00:22:46","2026-09-10 00:35:44","2026-09-10 00:35:54","2026-09-10 00:27:12","2026-09-10 00:27:30","2026-09-10 00:29:12","2026-09-10 00:29:32","SYNTHETIC","VOY-006",9,"AGO-000114","2026-09-10 00:25:36","Y","WI-0000114","ORC-0000114","SYN0000114","SIMULATOR","2026-09-10 00:22:41","2026-09-10 00:22:44","2026-09-10 00:27:04","2026-09-10 00:27:09","TP-F1-S-114","TP-F1-E-114","TP-F2-S-114","TP-F2-E-114","TP-L1-S-114","TP-L1-E-114","TP-L2-S-114","TP-L2-E-114","PB-FREE-06","PB-FULL-06",7780.1,"2026-09-10 00:00:00"
"TAA-20260910-000115","2026-09-10",2,"W03","AGV","IMPORT","AGV-115","SIM","Simulation AGV","CNTR-0000115","AGO-G-28","20","FULL","N","N","20GP","","2026-09-10 00:22:48","2026-09-10 00:42:35","2026-09-10 00:22:48","2026-09-10 00:22:58","2026-09-10 00:33:28","2026-09-10 00:33:38","2026-09-10 00:26:33","2026-09-10 00:26:51","2026-09-10 00:28:14","2026-09-10 00:28:34","SYNTHETIC","VOY-007",10,"AGO-000115","2026-09-10 00:25:48","Y","WI-0000115","ORC-0000115","SYN0000115","SIMULATOR","2026-09-10 00:22:53","2026-09-10 00:22:56","2026-09-10 00:26:25","2026-09-10 00:26:30","TP-F1-S-115","TP-F1-E-115","TP-F2-S-115","TP-F2-E-115","TP-L1-S-115","TP-L1-E-115","TP-L2-S-115","TP-L2-E-115","PB-FREE-07","PB-FULL-07",6590.5,"2026-09-10 00:00:00"
"TAA-20260910-000116","2026-09-10",2,"W04","AGV","EXPORT","AGV-116","SIM","Simulation AGV","CNTR-0000116","AGO-G-29","40","FULL","N","N","40HQ","","2026-09-10 00:23:00","2026-09-10 00:39:46","2026-09-10 00:23:00","2026-09-10 00:23:10","2026-09-10 00:31:30","2026-09-10 00:31:40","2026-09-10 00:26:01","2026-09-10 00:26:19","2026-09-10 00:27:25","2026-09-10 00:27:45","SYNTHETIC","VOY-008",11,"AGO-000116","2026-09-10 00:26:00","Y","WI-0000116","ORC-0000116","SYN0000116","SIMULATOR","2026-09-10 00:23:05","2026-09-10 00:23:08","2026-09-10 00:25:53","2026-09-10 00:25:58","TP-F1-S-116","TP-F1-E-116","TP-F2-S-116","TP-F2-E-116","TP-L1-S-116","TP-L1-E-116","TP-L2-S-116","TP-L2-E-116","PB-FREE-08","PB-FULL-08",5539.2,"2026-09-10 00:00:00"
"TAA-20260910-000117","2026-09-10",2,"W05","AGV","IMPORT","AGV-117","SIM","Simulation AGV","CNTR-0000117","AGO-G-01","40","FULL","N","N","40HQ","","2026-09-10 00:23:12","2026-09-10 00:51:41","2026-09-10 00:23:12","2026-09-10 00:23:22","2026-09-10 00:34:53","2026-09-10 00:35:03","2026-09-10 00:26:25","2026-09-10 00:26:43","2026-09-10 00:27:54","2026-09-10 00:28:14","SYNTHETIC","VOY-009",12,"AGO-000117","2026-09-10 00:26:12","Y","WI-0000117","ORC-0000117","SYN0000117","SIMULATOR","2026-09-10 00:23:17","2026-09-10 00:23:20","2026-09-10 00:26:17","2026-09-10 00:26:22","TP-F1-S-117","TP-F1-E-117","TP-F2-S-117","TP-F2-E-117","TP-L1-S-117","TP-L1-E-117","TP-L2-S-117","TP-L2-E-117","PB-FREE-09","PB-FULL-09",9991.4,"2026-09-10 00:00:00"
"TAA-20260910-000118","2026-09-10",2,"W06","AGV","EXPORT","AGV-118","SIM","Simulation AGV","CNTR-0000118","AGO-G-02","20","FULL","N","N","20GP","","2026-09-10 00:23:24","2026-09-10 00:52:08","2026-09-10 00:23:24","2026-09-10 00:23:34","2026-09-10 00:36:03","2026-09-10 00:36:13","2026-09-10 00:28:12","2026-09-10 00:28:30","2026-09-10 00:30:16","2026-09-10 00:30:36","SYNTHETIC","VOY-010",13,"AGO-000118","2026-09-10 00:26:24","Y","WI-0000118","ORC-0000118","SYN0000118","SIMULATOR","2026-09-10 00:23:29","2026-09-10 00:23:32","2026-09-10 00:28:04","2026-09-10 00:28:09","TP-F1-S-118","TP-F1-E-118","TP-F2-S-118","TP-F2-E-118","TP-L1-S-118","TP-L1-E-118","TP-L2-S-118","TP-L2-E-118","PB-FREE-10","PB-FULL-10",10094.8,"2026-09-10 00:00:00"
"TAA-20260910-000119","2026-09-10",2,"W07","AGV","IMPORT","AGV-119","SIM","Simulation AGV","CNTR-0000119","AGO-G-03","40","FULL","N","N","40HQ","","2026-09-10 00:23:36","2026-09-10 00:50:33","2026-09-10 00:23:36","2026-09-10 00:23:46","2026-09-10 00:35:22","2026-09-10 00:35:32","2026-09-10 00:28:53","2026-09-10 00:29:11","2026-09-10 00:31:08","2026-09-10 00:31:28","SYNTHETIC","VOY-011",14,"AGO-000119","2026-09-10 00:26:36","Y","WI-0000119","ORC-0000119","SYN0000119","SIMULATOR","2026-09-10 00:23:41","2026-09-10 00:23:44","2026-09-10 00:28:45","2026-09-10 00:28:50","TP-F1-S-119","TP-F1-E-119","TP-F2-S-119","TP-F2-E-119","TP-L1-S-119","TP-L1-E-119","TP-L2-S-119","TP-L2-E-119","PB-FREE-11","PB-FULL-11",9553.2,"2026-09-10 00:00:00"
"TAA-20260910-000120","2026-09-10",2,"W08","AGV","EXPORT","AGV-120","SIM","Simulation AGV","CNTR-0000120","AGO-G-04","40","FULL","N","N","40HQ","","2026-09-10 00:23:48","2026-09-10 00:49:43","2026-09-10 00:23:48","2026-09-10 00:23:58","2026-09-10 00:35:26","2026-09-10 00:35:36","2026-09-10 00:30:07","2026-09-10 00:30:25","2026-09-10 00:32:45","2026-09-10 00:33:05","SYNTHETIC","VOY-012",15,"AGO-000120","2026-09-10 00:26:48","Y","WI-0000120","ORC-0000120","SYN0000120","SIMULATOR","2026-09-10 00:23:53","2026-09-10 00:23:56","2026-09-10 00:29:59","2026-09-10 00:30:04","TP-F1-S-120","TP-F1-E-120","TP-F2-S-120","TP-F2-E-120","TP-L1-S-120","TP-L1-E-120","TP-L2-S-120","TP-L2-E-120","PB-FREE-12","PB-FULL-12",9326.9,"2026-09-10 00:00:00"
"TAA-20260910-000121","2026-09-10",2,"W01","AGV","IMPORT","AGV-121","SIM","Simulation AGV","CNTR-0000121","AGO-G-05","20","FULL","N","N","20GP","","2026-09-10 00:24:00","2026-09-10 00:51:19","2026-09-10 00:24:00","2026-09-10 00:24:10","2026-09-10 00:35:26","2026-09-10 00:35:36","2026-09-10 00:25:42","2026-09-10 00:26:00","2026-09-10 00:26:38","2026-09-10 00:26:58","SYNTHETIC","VOY-013",4,"AGO-000121","2026-09-10 00:27:00","Y","WI-0000121","ORC-0000121","SYN0000121","SIMULATOR","2026-09-10 00:24:05","2026-09-10 00:24:08","2026-09-10 00:25:34","2026-09-10 00:25:39","TP-F1-S-121","TP-F1-E-121","TP-F2-S-121","TP-F2-E-121","TP-L1-S-121","TP-L1-E-121","TP-L2-S-121","TP-L2-E-121","PB-FREE-01","PB-FULL-01",9359,"2026-09-10 00:00:00"
"TAA-20260910-000122","2026-09-10",2,"W02","AGV","EXPORT","AGV-122","SIM","Simulation AGV","CNTR-0000122","AGO-G-06","40","FULL","N","N","40HQ","","2026-09-10 00:24:12","2026-09-10 00:50:09","2026-09-10 00:24:12","2026-09-10 00:24:22","2026-09-10 00:35:08","2026-09-10 00:35:18","2026-09-10 00:26:39","2026-09-10 00:26:57","2026-09-10 00:27:52","2026-09-10 00:28:12","SYNTHETIC","VOY-014",5,"AGO-000122","2026-09-10 00:27:12","Y","WI-0000122","ORC-0000122","SYN0000122","SIMULATOR","2026-09-10 00:24:17","2026-09-10 00:24:20","2026-09-10 00:26:31","2026-09-10 00:26:36","TP-F1-S-122","TP-F1-E-122","TP-F2-S-122","TP-F2-E-122","TP-L1-S-122","TP-L1-E-122","TP-L2-S-122","TP-L2-E-122","PB-FREE-02","PB-FULL-02",8978.2,"2026-09-10 00:00:00"
"TAA-20260910-000123","2026-09-10",2,"W03","AGV","IMPORT","AGV-123","SIM","Simulation AGV","CNTR-0000123","AGO-G-07","40","FULL","N","N","40HQ","","2026-09-10 00:24:24","2026-09-10 00:49:05","2026-09-10 00:24:24","2026-09-10 00:24:34","2026-09-10 00:34:58","2026-09-10 00:35:08","2026-09-10 00:27:43","2026-09-10 00:28:01","2026-09-10 00:29:14","2026-09-10 00:29:34","SYNTHETIC","VOY-015",6,"AGO-000123","2026-09-10 00:27:24","Y","WI-0000123","ORC-0000123","SYN0000123","SIMULATOR","2026-09-10 00:24:29","2026-09-10 00:24:32","2026-09-10 00:27:35","2026-09-10 00:27:40","TP-F1-S-123","TP-F1-E-123","TP-F2-S-123","TP-F2-E-123","TP-L1-S-123","TP-L1-E-123","TP-L2-S-123","TP-L2-E-123","PB-FREE-03","PB-FULL-03",8656.2,"2026-09-10 00:00:00"
"TAA-20260910-000124","2026-09-10",2,"W04","AGV","EXPORT","AGV-124","SIM","Simulation AGV","CNTR-0000124","AGO-G-08","20","FULL","N","N","20GP","","2026-09-10 00:24:36","2026-09-10 00:49:40","2026-09-10 00:24:36","2026-09-10 00:24:46","2026-09-10 00:35:42","2026-09-10 00:35:52","2026-09-10 00:28:57","2026-09-10 00:29:15","2026-09-10 00:30:51","2026-09-10 00:31:11","SYNTHETIC","VOY-016",7,"AGO-000124","2026-09-10 00:27:36","Y","WI-0000124","ORC-0000124","SYN0000124","SIMULATOR","2026-09-10 00:24:41","2026-09-10 00:24:44","2026-09-10 00:28:49","2026-09-10 00:28:54","TP-F1-S-124","TP-F1-E-124","TP-F2-S-124","TP-F2-E-124","TP-L1-S-124","TP-L1-E-124","TP-L2-S-124","TP-L2-E-124","PB-FREE-04","PB-FULL-04",8736.3,"2026-09-10 00:00:00"
"TAA-20260910-000125","2026-09-10",2,"W05","AGV","IMPORT","AGV-125","SIM","Simulation AGV","CNTR-0000125","AGO-G-09","40","FULL","N","N","40HQ","","2026-09-10 00:24:48","2026-09-10 00:53:40","2026-09-10 00:24:48","2026-09-10 00:24:58","2026-09-10 00:38:08","2026-09-10 00:38:18","2026-09-10 00:27:53","2026-09-10 00:28:11","2026-09-10 00:29:19","2026-09-10 00:29:39","SYNTHETIC","VOY-017",8,"AGO-000125","2026-09-10 00:27:48","Y","WI-0000125","ORC-0000125","SYN0000125","SIMULATOR","2026-09-10 00:24:53","2026-09-10 00:24:56","2026-09-10 00:27:45","2026-09-10 00:27:50","TP-F1-S-125","TP-F1-E-125","TP-F2-S-125","TP-F2-E-125","TP-L1-S-125","TP-L1-E-125","TP-L2-S-125","TP-L2-E-125","PB-FREE-05","PB-FULL-05",9936.4,"2026-09-10 00:00:00"
"TAA-20260910-000126","2026-09-10",2,"W06","AGV","EXPORT","AGV-126","SIM","Simulation AGV","CNTR-0000126","AGO-G-10","40","FULL","N","N","40HQ","","2026-09-10 00:25:00","2026-09-10 00:49:38","2026-09-10 00:25:00","2026-09-10 00:25:10","2026-09-10 00:35:21","2026-09-10 00:35:31","2026-09-10 00:27:29","2026-09-10 00:27:47","2026-09-10 00:28:42","2026-09-10 00:29:02","SYNTHETIC","VOY-018",9,"AGO-000126","2026-09-10 00:28:00","Y","WI-0000126","ORC-0000126","SYN0000126","SIMULATOR","2026-09-10 00:25:05","2026-09-10 00:25:08","2026-09-10 00:27:21","2026-09-10 00:27:26","TP-F1-S-126","TP-F1-E-126","TP-F2-S-126","TP-F2-E-126","TP-L1-S-126","TP-L1-E-126","TP-L2-S-126","TP-L2-E-126","PB-FREE-06","PB-FULL-06",8496.2,"2026-09-10 00:00:00"
"TAA-20260910-000127","2026-09-10",2,"W07","AGV","IMPORT","AGV-127","SIM","Simulation AGV","CNTR-0000127","AGO-G-11","20","FULL","N","N","20GP","","2026-09-10 00:25:12","2026-09-10 00:49:00","2026-09-10 00:25:12","2026-09-10 00:25:22","2026-09-10 00:35:05","2026-09-10 00:35:15","2026-09-10 00:28:19","2026-09-10 00:28:37","2026-09-10 00:29:46","2026-09-10 00:30:06","SYNTHETIC","VOY-001",10,"AGO-000127","2026-09-10 00:28:12","Y","WI-0000127","ORC-0000127","SYN0000127","SIMULATOR","2026-09-10 00:25:17","2026-09-10 00:25:20","2026-09-10 00:28:11","2026-09-10 00:28:16","TP-F1-S-127","TP-F1-E-127","TP-F2-S-127","TP-F2-E-127","TP-L1-S-127","TP-L1-E-127","TP-L2-S-127","TP-L2-E-127","PB-FREE-07","PB-FULL-07",8135.9,"2026-09-10 00:00:00"
"TAA-20260910-000128","2026-09-10",2,"W08","AGV","EXPORT","AGV-128","SIM","Simulation AGV","CNTR-0000128","AGO-G-12","40","FULL","N","N","40HQ","","2026-09-10 00:25:24","2026-09-10 00:48:37","2026-09-10 00:25:24","2026-09-10 00:25:34","2026-09-10 00:35:27","2026-09-10 00:35:37","2026-09-10 00:29:30","2026-09-10 00:29:48","2026-09-10 00:31:18","2026-09-10 00:31:38","SYNTHETIC","VOY-002",11,"AGO-000128","2026-09-10 00:28:24","Y","WI-0000128","ORC-0000128","SYN0000128","SIMULATOR","2026-09-10 00:25:29","2026-09-10 00:25:32","2026-09-10 00:29:22","2026-09-10 00:29:27","TP-F1-S-128","TP-F1-E-128","TP-F2-S-128","TP-F2-E-128","TP-L1-S-128","TP-L1-E-128","TP-L2-S-128","TP-L2-E-128","PB-FREE-08","PB-FULL-08",8041.3,"2026-09-10 00:00:00"
"TAA-20260910-000129","2026-09-10",2,"W01","AGV","IMPORT","AGV-129","SIM","Simulation AGV","CNTR-0000129","AGO-G-13","40","FULL","N","N","40HQ","","2026-09-10 00:25:36","2026-09-10 00:52:38","2026-09-10 00:25:36","2026-09-10 00:25:46","2026-09-10 00:38:57","2026-09-10 00:39:07","2026-09-10 00:30:01","2026-09-10 00:30:19","2026-09-10 00:31:56","2026-09-10 00:32:16","SYNTHETIC","VOY-003",12,"AGO-000129","2026-09-10 00:28:36","Y","WI-0000129","ORC-0000129","SYN0000129","SIMULATOR","2026-09-10 00:25:41","2026-09-10 00:25:44","2026-09-10 00:29:53","2026-09-10 00:29:58","TP-F1-S-129","TP-F1-E-129","TP-F2-S-129","TP-F2-E-129","TP-L1-S-129","TP-L1-E-129","TP-L2-S-129","TP-L2-E-129","PB-FREE-09","PB-FULL-09",9420.7,"2026-09-10 00:00:00"
"TAA-20260910-000130","2026-09-10",2,"W02","AGV","EXPORT","AGV-130","SIM","Simulation AGV","CNTR-0000130","AGO-G-14","20","FULL","N","N","20GP","","2026-09-10 00:25:48","2026-09-10 00:49:02","2026-09-10 00:25:48","2026-09-10 00:25:58","2026-09-10 00:35:59","2026-09-10 00:36:09","2026-09-10 00:29:02","2026-09-10 00:29:20","2026-09-10 00:30:31","2026-09-10 00:30:51","SYNTHETIC","VOY-004",13,"AGO-000130","2026-09-10 00:28:48","Y","WI-0000130","ORC-0000130","SYN0000130","SIMULATOR","2026-09-10 00:25:53","2026-09-10 00:25:56","2026-09-10 00:28:54","2026-09-10 00:28:59","TP-F1-S-130","TP-F1-E-130","TP-F2-S-130","TP-F2-E-130","TP-L1-S-130","TP-L1-E-130","TP-L2-S-130","TP-L2-E-130","PB-FREE-10","PB-FULL-10",7918,"2026-09-10 00:00:00"
"TAA-20260910-000131","2026-09-10",2,"W03","AGV","IMPORT","AGV-131","SIM","Simulation AGV","CNTR-0000131","AGO-G-15","40","FULL","N","N","40HQ","","2026-09-10 00:26:00","2026-09-10 00:46:27","2026-09-10 00:26:00","2026-09-10 00:26:10","2026-09-10 00:34:23","2026-09-10 00:34:33","2026-09-10 00:29:03","2026-09-10 00:29:21","2026-09-10 00:30:28","2026-09-10 00:30:48","SYNTHETIC","VOY-005",14,"AGO-000131","2026-09-10 00:29:00","Y","WI-0000131","ORC-0000131","SYN0000131","SIMULATOR","2026-09-10 00:26:05","2026-09-10 00:26:08","2026-09-10 00:28:55","2026-09-10 00:29:00","TP-F1-S-131","TP-F1-E-131","TP-F2-S-131","TP-F2-E-131","TP-L1-S-131","TP-L1-E-131","TP-L2-S-131","TP-L2-E-131","PB-FREE-11","PB-FULL-11",6986.9,"2026-09-10 00:00:00"
"TAA-20260910-000132","2026-09-10",2,"W04","AGV","EXPORT","AGV-132","SIM","Simulation AGV","CNTR-0000132","AGO-G-16","40","FULL","N","N","40HQ","","2026-09-10 00:26:12","2026-09-10 00:46:10","2026-09-10 00:26:12","2026-09-10 00:26:22","2026-09-10 00:34:57","2026-09-10 00:35:07","2026-09-10 00:30:39","2026-09-10 00:30:57","2026-09-10 00:32:35","2026-09-10 00:32:55","SYNTHETIC","VOY-006",15,"AGO-000132","2026-09-10 00:29:12","Y","WI-0000132","ORC-0000132","SYN0000132","SIMULATOR","2026-09-10 00:26:17","2026-09-10 00:26:20","2026-09-10 00:30:31","2026-09-10 00:30:36","TP-F1-S-132","TP-F1-E-132","TP-F2-S-132","TP-F2-E-132","TP-L1-S-132","TP-L1-E-132","TP-L2-S-132","TP-L2-E-132","PB-FREE-12","PB-FULL-12",6970.5,"2026-09-10 00:00:00"
"TAA-20260910-000133","2026-09-10",2,"W05","AGV","IMPORT","AGV-133","SIM","Simulation AGV","CNTR-0000133","AGO-G-17","20","FULL","N","N","20GP","","2026-09-10 00:26:24","2026-09-10 00:53:47","2026-09-10 00:26:24","2026-09-10 00:26:34","2026-09-10 00:40:34","2026-09-10 00:40:44","2026-09-10 00:30:20","2026-09-10 00:30:38","2026-09-10 00:32:05","2026-09-10 00:32:25","SYNTHETIC","VOY-007",4,"AGO-000133","2026-09-10 00:29:24","Y","WI-0000133","ORC-0000133","SYN0000133","SIMULATOR","2026-09-10 00:26:29","2026-09-10 00:26:32","2026-09-10 00:30:12","2026-09-10 00:30:17","TP-F1-S-133","TP-F1-E-133","TP-F2-S-133","TP-F2-E-133","TP-L1-S-133","TP-L1-E-133","TP-L2-S-133","TP-L2-E-133","PB-FREE-01","PB-FULL-01",9354.4,"2026-09-10 00:00:00"
"TAA-20260910-000134","2026-09-10",2,"W06","AGV","EXPORT","AGV-134","SIM","Simulation AGV","CNTR-0000134","AGO-G-18","40","FULL","N","N","40HQ","","2026-09-10 00:26:36","2026-09-10 00:49:12","2026-09-10 00:26:36","2026-09-10 00:26:46","2026-09-10 00:37:05","2026-09-10 00:37:15","2026-09-10 00:28:59","2026-09-10 00:29:17","2026-09-10 00:30:10","2026-09-10 00:30:30","SYNTHETIC","VOY-008",5,"AGO-000134","2026-09-10 00:29:36","Y","WI-0000134","ORC-0000134","SYN0000134","SIMULATOR","2026-09-10 00:26:41","2026-09-10 00:26:44","2026-09-10 00:28:51","2026-09-10 00:28:56","TP-F1-S-134","TP-F1-E-134","TP-F2-S-134","TP-F2-E-134","TP-L1-S-134","TP-L1-E-134","TP-L2-S-134","TP-L2-E-134","PB-FREE-02","PB-FULL-02",7638.8,"2026-09-10 00:00:00"
"TAA-20260910-000135","2026-09-10",2,"W07","AGV","IMPORT","AGV-135","SIM","Simulation AGV","CNTR-0000135","AGO-G-19","40","FULL","N","N","40HQ","","2026-09-10 00:26:48","2026-09-10 00:45:35","2026-09-10 00:26:48","2026-09-10 00:26:58","2026-09-10 00:34:34","2026-09-10 00:34:44","2026-09-10 00:28:19","2026-09-10 00:28:37","2026-09-10 00:29:11","2026-09-10 00:29:31","SYNTHETIC","VOY-009",6,"AGO-000135","2026-09-10 00:29:48","Y","WI-0000135","ORC-0000135","SYN0000135","SIMULATOR","2026-09-10 00:26:53","2026-09-10 00:26:56","2026-09-10 00:28:11","2026-09-10 00:28:16","TP-F1-S-135","TP-F1-E-135","TP-F2-S-135","TP-F2-E-135","TP-L1-S-135","TP-L1-E-135","TP-L2-S-135","TP-L2-E-135","PB-FREE-03","PB-FULL-03",6324,"2026-09-10 00:00:00"
"TAA-20260910-000136","2026-09-10",2,"W08","AGV","EXPORT","AGV-136","SIM","Simulation AGV","CNTR-0000136","AGO-G-20","20","FULL","N","N","20GP","","2026-09-10 00:27:00","2026-09-10 00:45:28","2026-09-10 00:27:00","2026-09-10 00:27:10","2026-09-10 00:34:40","2026-09-10 00:34:50","2026-09-10 00:29:07","2026-09-10 00:29:25","2026-09-10 00:30:11","2026-09-10 00:30:31","SYNTHETIC","VOY-010",7,"AGO-000136","2026-09-10 00:30:00","Y","WI-0000136","ORC-0000136","SYN0000136","SIMULATOR","2026-09-10 00:27:05","2026-09-10 00:27:08","2026-09-10 00:28:59","2026-09-10 00:29:04","TP-F1-S-136","TP-F1-E-136","TP-F2-S-136","TP-F2-E-136","TP-L1-S-136","TP-L1-E-136","TP-L2-S-136","TP-L2-E-136","PB-FREE-04","PB-FULL-04",6138.8,"2026-09-10 00:00:00"
"TAA-20260910-000137","2026-09-10",2,"W01","AGV","IMPORT","AGV-137","SIM","Simulation AGV","CNTR-0000137","AGO-G-21","40","FULL","N","N","40HQ","","2026-09-10 00:27:12","2026-09-10 00:55:14","2026-09-10 00:27:12","2026-09-10 00:27:22","2026-09-10 00:43:11","2026-09-10 00:43:21","2026-09-10 00:32:23","2026-09-10 00:32:41","2026-09-10 00:34:35","2026-09-10 00:34:55","SYNTHETIC","VOY-011",8,"AGO-000137","2026-09-10 00:30:12","Y","WI-0000137","ORC-0000137","SYN0000137","SIMULATOR","2026-09-10 00:27:17","2026-09-10 00:27:20","2026-09-10 00:32:15","2026-09-10 00:32:20","TP-F1-S-137","TP-F1-E-137","TP-F2-S-137","TP-F2-E-137","TP-L1-S-137","TP-L1-E-137","TP-L2-S-137","TP-L2-E-137","PB-FREE-05","PB-FULL-05",9658.4,"2026-09-10 00:00:00"
"TAA-20260910-000138","2026-09-10",2,"W02","AGV","EXPORT","AGV-138","SIM","Simulation AGV","CNTR-0000138","AGO-G-22","40","FULL","N","N","40HQ","","2026-09-10 00:27:24","2026-09-10 00:49:54","2026-09-10 00:27:24","2026-09-10 00:27:34","2026-09-10 00:39:11","2026-09-10 00:39:21","2026-09-10 00:31:04","2026-09-10 00:31:22","2026-09-10 00:32:44","2026-09-10 00:33:04","SYNTHETIC","VOY-012",9,"AGO-000138","2026-09-10 00:30:24","Y","WI-0000138","ORC-0000138","SYN0000138","SIMULATOR","2026-09-10 00:27:29","2026-09-10 00:27:32","2026-09-10 00:30:56","2026-09-10 00:31:01","TP-F1-S-138","TP-F1-E-138","TP-F2-S-138","TP-F2-E-138","TP-L1-S-138","TP-L1-E-138","TP-L2-S-138","TP-L2-E-138","PB-FREE-06","PB-FULL-06",7711.1,"2026-09-10 00:00:00"
"TAA-20260910-000139","2026-09-10",2,"W03","AGV","IMPORT","AGV-139","SIM","Simulation AGV","CNTR-0000139","AGO-G-23","20","FULL","N","N","20GP","","2026-09-10 00:27:36","2026-09-10 00:47:19","2026-09-10 00:27:36","2026-09-10 00:27:46","2026-09-10 00:37:06","2026-09-10 00:37:16","2026-09-10 00:30:34","2026-09-10 00:30:52","2026-09-10 00:31:57","2026-09-10 00:32:17","SYNTHETIC","VOY-013",10,"AGO-000139","2026-09-10 00:30:36","Y","WI-0000139","ORC-0000139","SYN0000139","SIMULATOR","2026-09-10 00:27:41","2026-09-10 00:27:44","2026-09-10 00:30:26","2026-09-10 00:30:31","TP-F1-S-139","TP-F1-E-139","TP-F2-S-139","TP-F2-E-139","TP-L1-S-139","TP-L1-E-139","TP-L2-S-139","TP-L2-E-139","PB-FREE-07","PB-FULL-07",6589.4,"2026-09-10 00:00:00"
"TAA-20260910-000140","2026-09-10",2,"W04","AGV","EXPORT","AGV-140","SIM","Simulation AGV","CNTR-0000140","AGO-G-24","40","FULL","N","N","40HQ","","2026-09-10 00:27:48","2026-09-10 00:44:14","2026-09-10 00:27:48","2026-09-10 00:27:58","2026-09-10 00:34:54","2026-09-10 00:35:04","2026-09-10 00:29:52","2026-09-10 00:30:10","2026-09-10 00:30:56","2026-09-10 00:31:16","SYNTHETIC","VOY-014",11,"AGO-000140","2026-09-10 00:30:48","Y","WI-0000140","ORC-0000140","SYN0000140","SIMULATOR","2026-09-10 00:27:53","2026-09-10 00:27:56","2026-09-10 00:29:44","2026-09-10 00:29:49","TP-F1-S-140","TP-F1-E-140","TP-F2-S-140","TP-F2-E-140","TP-L1-S-140","TP-L1-E-140","TP-L2-S-140","TP-L2-E-140","PB-FREE-08","PB-FULL-08",5436.9,"2026-09-10 00:00:00"
"TAA-20260910-000141","2026-09-10",2,"W05","AGV","IMPORT","AGV-141","SIM","Simulation AGV","CNTR-0000141","AGO-G-25","40","FULL","N","N","40HQ","","2026-09-10 00:28:00","2026-09-10 00:54:34","2026-09-10 00:28:00","2026-09-10 00:28:10","2026-09-10 00:44:16","2026-09-10 00:44:26","2026-09-10 00:34:39","2026-09-10 00:34:57","2026-09-10 00:37:24","2026-09-10 00:37:44","SYNTHETIC","VOY-015",12,"AGO-000141","2026-09-10 00:31:00","Y","WI-0000141","ORC-0000141","SYN0000141","SIMULATOR","2026-09-10 00:28:05","2026-09-10 00:28:08","2026-09-10 00:34:31","2026-09-10 00:34:36","TP-F1-S-141","TP-F1-E-141","TP-F2-S-141","TP-F2-E-141","TP-L1-S-141","TP-L1-E-141","TP-L2-S-141","TP-L2-E-141","PB-FREE-09","PB-FULL-09",9276.8,"2026-09-10 00:00:00"
"TAA-20260910-000142","2026-09-10",2,"W06","AGV","EXPORT","AGV-142","SIM","Simulation AGV","CNTR-0000142","AGO-G-26","20","FULL","N","N","20GP","","2026-09-10 00:28:12","2026-09-10 00:50:36","2026-09-10 00:28:12","2026-09-10 00:28:22","2026-09-10 00:40:54","2026-09-10 00:41:04","2026-09-10 00:33:22","2026-09-10 00:33:40","2026-09-10 00:35:35","2026-09-10 00:35:55","SYNTHETIC","VOY-016",13,"AGO-000142","2026-09-10 00:31:12","Y","WI-0000142","ORC-0000142","SYN0000142","SIMULATOR","2026-09-10 00:28:17","2026-09-10 00:28:20","2026-09-10 00:33:14","2026-09-10 00:33:19","TP-F1-S-142","TP-F1-E-142","TP-F2-S-142","TP-F2-E-142","TP-L1-S-142","TP-L1-E-142","TP-L2-S-142","TP-L2-E-142","PB-FREE-10","PB-FULL-10",7624.3,"2026-09-10 00:00:00"
"TAA-20260910-000143","2026-09-10",2,"W07","AGV","IMPORT","AGV-143","SIM","Simulation AGV","CNTR-0000143","AGO-G-27","40","FULL","N","N","40HQ","","2026-09-10 00:28:24","2026-09-10 00:47:00","2026-09-10 00:28:24","2026-09-10 00:28:34","2026-09-10 00:38:18","2026-09-10 00:38:28","2026-09-10 00:32:38","2026-09-10 00:32:56","2026-09-10 00:34:30","2026-09-10 00:34:50","SYNTHETIC","VOY-017",14,"AGO-000143","2026-09-10 00:31:24","Y","WI-0000143","ORC-0000143","SYN0000143","SIMULATOR","2026-09-10 00:28:29","2026-09-10 00:28:32","2026-09-10 00:32:30","2026-09-10 00:32:35","TP-F1-S-143","TP-F1-E-143","TP-F2-S-143","TP-F2-E-143","TP-L1-S-143","TP-L1-E-143","TP-L2-S-143","TP-L2-E-143","PB-FREE-11","PB-FULL-11",6289.7,"2026-09-10 00:00:00"
"TAA-20260910-000144","2026-09-10",2,"W08","AGV","EXPORT","AGV-144","SIM","Simulation AGV","CNTR-0000144","AGO-G-28","40","FULL","N","N","40HQ","","2026-09-10 00:28:36","2026-09-10 00:44:16","2026-09-10 00:28:36","2026-09-10 00:28:46","2026-09-10 00:36:33","2026-09-10 00:36:43","2026-09-10 00:32:32","2026-09-10 00:32:50","2026-09-10 00:34:16","2026-09-10 00:34:36","SYNTHETIC","VOY-018",15,"AGO-000144","2026-09-10 00:31:36","Y","WI-0000144","ORC-0000144","SYN0000144","SIMULATOR","2026-09-10 00:28:41","2026-09-10 00:28:44","2026-09-10 00:32:24","2026-09-10 00:32:29","TP-F1-S-144","TP-F1-E-144","TP-F2-S-144","TP-F2-E-144","TP-L1-S-144","TP-L1-E-144","TP-L2-S-144","TP-L2-E-144","PB-FREE-12","PB-FULL-12",5314.8,"2026-09-10 00:00:00"
"TAA-20260910-000145","2026-09-10",2,"W01","AGV","IMPORT","AGV-145","SIM","Simulation AGV","CNTR-0000145","AGO-G-29","20","FULL","N","N","20GP","","2026-09-10 00:28:48","2026-09-10 00:56:04","2026-09-10 00:28:48","2026-09-10 00:28:58","2026-09-10 00:46:00","2026-09-10 00:46:10","2026-09-10 00:34:59","2026-09-10 00:35:17","2026-09-10 00:37:33","2026-09-10 00:37:53","SYNTHETIC","VOY-001",4,"AGO-000145","2026-09-10 00:31:48","Y","WI-0000145","ORC-0000145","SYN0000145","SIMULATOR","2026-09-10 00:28:53","2026-09-10 00:28:56","2026-09-10 00:34:51","2026-09-10 00:34:56","TP-F1-S-145","TP-F1-E-145","TP-F2-S-145","TP-F2-E-145","TP-L1-S-145","TP-L1-E-145","TP-L2-S-145","TP-L2-E-145","PB-FREE-01","PB-FULL-01",9313.3,"2026-09-10 00:00:00"
"TAA-20260910-000146","2026-09-10",2,"W02","AGV","EXPORT","AGV-146","SIM","Simulation AGV","CNTR-0000146","AGO-G-01","40","FULL","N","N","40HQ","","2026-09-10 00:29:00","2026-09-10 00:57:43","2026-09-10 00:29:00","2026-09-10 00:29:10","2026-09-10 00:40:51","2026-09-10 00:41:01","2026-09-10 00:32:24","2026-09-10 00:32:42","2026-09-10 00:33:57","2026-09-10 00:34:17","SYNTHETIC","VOY-002",5,"AGO-000146","2026-09-10 00:32:00","Y","WI-0000146","ORC-0000146","SYN0000146","SIMULATOR","2026-09-10 00:29:05","2026-09-10 00:29:08","2026-09-10 00:32:16","2026-09-10 00:32:21","TP-F1-S-146","TP-F1-E-146","TP-F2-S-146","TP-F2-E-146","TP-L1-S-146","TP-L1-E-146","TP-L2-S-146","TP-L2-E-146","PB-FREE-02","PB-FULL-02",10027.4,"2026-09-10 00:00:00"
"TAA-20260910-000147","2026-09-10",2,"W03","AGV","IMPORT","AGV-147","SIM","Simulation AGV","CNTR-0000147","AGO-G-02","40","FULL","N","N","40HQ","","2026-09-10 00:29:12","2026-09-10 00:56:43","2026-09-10 00:29:12","2026-09-10 00:29:22","2026-09-10 00:40:43","2026-09-10 00:40:53","2026-09-10 00:33:27","2026-09-10 00:33:45","2026-09-10 00:35:19","2026-09-10 00:35:39","SYNTHETIC","VOY-003",6,"AGO-000147","2026-09-10 00:32:12","Y","WI-0000147","ORC-0000147","SYN0000147","SIMULATOR","2026-09-10 00:29:17","2026-09-10 00:29:20","2026-09-10 00:33:19","2026-09-10 00:33:24","TP-F1-S-147","TP-F1-E-147","TP-F2-S-147","TP-F2-E-147","TP-L1-S-147","TP-L1-E-147","TP-L2-S-147","TP-L2-E-147","PB-FREE-03","PB-FULL-03",9728.1,"2026-09-10 00:00:00"
"TAA-20260910-000148","2026-09-10",2,"W04","AGV","EXPORT","AGV-148","SIM","Simulation AGV","CNTR-0000148","AGO-G-03","20","FULL","N","N","20GP","","2026-09-10 00:29:24","2026-09-10 00:57:22","2026-09-10 00:29:24","2026-09-10 00:29:34","2026-09-10 00:41:28","2026-09-10 00:41:38","2026-09-10 00:34:41","2026-09-10 00:34:59","2026-09-10 00:36:56","2026-09-10 00:37:16","SYNTHETIC","VOY-004",7,"AGO-000148","2026-09-10 00:32:24","Y","WI-0000148","ORC-0000148","SYN0000148","SIMULATOR","2026-09-10 00:29:29","2026-09-10 00:29:32","2026-09-10 00:34:33","2026-09-10 00:34:38","TP-F1-S-148","TP-F1-E-148","TP-F2-S-148","TP-F2-E-148","TP-L1-S-148","TP-L1-E-148","TP-L2-S-148","TP-L2-E-148","PB-FREE-04","PB-FULL-04",9829.5,"2026-09-10 00:00:00"
"TAA-20260910-000149","2026-09-10",2,"W05","AGV","IMPORT","AGV-149","SIM","Simulation AGV","CNTR-0000149","AGO-G-04","40","FULL","N","N","40HQ","","2026-09-10 00:29:36","2026-09-10 00:57:45","2026-09-10 00:29:36","2026-09-10 00:29:46","2026-09-10 00:41:38","2026-09-10 00:41:48","2026-09-10 00:31:36","2026-09-10 00:31:54","2026-09-10 00:32:38","2026-09-10 00:32:58","SYNTHETIC","VOY-005",8,"AGO-000149","2026-09-10 00:32:36","Y","WI-0000149","ORC-0000149","SYN0000149","SIMULATOR","2026-09-10 00:29:41","2026-09-10 00:29:44","2026-09-10 00:31:28","2026-09-10 00:31:33","TP-F1-S-149","TP-F1-E-149","TP-F2-S-149","TP-F2-E-149","TP-L1-S-149","TP-L1-E-149","TP-L2-S-149","TP-L2-E-149","PB-FREE-05","PB-FULL-05",9722.7,"2026-09-10 00:00:00"
"TAA-20260910-000150","2026-09-10",2,"W06","AGV","EXPORT","AGV-150","SIM","Simulation AGV","CNTR-0000150","AGO-G-05","40","FULL","N","N","40HQ","","2026-09-10 00:29:48","2026-09-10 00:57:01","2026-09-10 00:29:48","2026-09-10 00:29:58","2026-09-10 00:41:56","2026-09-10 00:42:06","2026-09-10 00:33:26","2026-09-10 00:33:44","2026-09-10 00:35:05","2026-09-10 00:35:25","SYNTHETIC","VOY-006",9,"AGO-000150","2026-09-10 00:32:48","Y","WI-0000150","ORC-0000150","SYN0000150","SIMULATOR","2026-09-10 00:29:53","2026-09-10 00:29:56","2026-09-10 00:33:18","2026-09-10 00:33:23","TP-F1-S-150","TP-F1-E-150","TP-F2-S-150","TP-F2-E-150","TP-L1-S-150","TP-L1-E-150","TP-L2-S-150","TP-L2-E-150","PB-FREE-06","PB-FULL-06",9569.9,"2026-09-10 00:00:00"
"TAA-20260910-000151","2026-09-10",2,"W07","AGV","IMPORT","AGV-151","SIM","Simulation AGV","CNTR-0000151","AGO-G-06","20","FULL","N","N","20GP","","2026-09-10 00:30:00","2026-09-10 00:56:04","2026-09-10 00:30:00","2026-09-10 00:30:10","2026-09-10 00:41:22","2026-09-10 00:41:32","2026-09-10 00:34:03","2026-09-10 00:34:21","2026-09-10 00:35:50","2026-09-10 00:36:10","SYNTHETIC","VOY-007",10,"AGO-000151","2026-09-10 00:33:00","Y","WI-0000151","ORC-0000151","SYN0000151","SIMULATOR","2026-09-10 00:30:05","2026-09-10 00:30:08","2026-09-10 00:33:55","2026-09-10 00:34:00","TP-F1-S-151","TP-F1-E-151","TP-F2-S-151","TP-F2-E-151","TP-L1-S-151","TP-L1-E-151","TP-L2-S-151","TP-L2-E-151","PB-FREE-07","PB-FULL-07",9083.3,"2026-09-10 00:00:00"
"TAA-20260910-000152","2026-09-10",2,"W08","AGV","EXPORT","AGV-152","SIM","Simulation AGV","CNTR-0000152","AGO-G-07","40","FULL","N","N","40HQ","","2026-09-10 00:30:12","2026-09-10 00:55:42","2026-09-10 00:30:12","2026-09-10 00:30:22","2026-09-10 00:41:43","2026-09-10 00:41:53","2026-09-10 00:35:14","2026-09-10 00:35:32","2026-09-10 00:37:23","2026-09-10 00:37:43","SYNTHETIC","VOY-008",11,"AGO-000152","2026-09-10 00:33:12","Y","WI-0000152","ORC-0000152","SYN0000152","SIMULATOR","2026-09-10 00:30:17","2026-09-10 00:30:20","2026-09-10 00:35:06","2026-09-10 00:35:11","TP-F1-S-152","TP-F1-E-152","TP-F2-S-152","TP-F2-E-152","TP-L1-S-152","TP-L1-E-152","TP-L2-S-152","TP-L2-E-152","PB-FREE-08","PB-FULL-08",8991.6,"2026-09-10 00:00:00"
"TAA-20260910-000153","2026-09-10",2,"W01","AGV","IMPORT","AGV-153","SIM","Simulation AGV","CNTR-0000153","AGO-G-08","40","FULL","N","N","40HQ","","2026-09-10 00:30:24","2026-09-10 00:56:59","2026-09-10 00:30:24","2026-09-10 00:30:34","2026-09-10 00:42:41","2026-09-10 00:42:51","2026-09-10 00:33:53","2026-09-10 00:34:11","2026-09-10 00:35:28","2026-09-10 00:35:48","SYNTHETIC","VOY-009",12,"AGO-000153","2026-09-10 00:33:24","Y","WI-0000153","ORC-0000153","SYN0000153","SIMULATOR","2026-09-10 00:30:29","2026-09-10 00:30:32","2026-09-10 00:33:45","2026-09-10 00:33:50","TP-F1-S-153","TP-F1-E-153","TP-F2-S-153","TP-F2-E-153","TP-L1-S-153","TP-L1-E-153","TP-L2-S-153","TP-L2-E-153","PB-FREE-09","PB-FULL-09",9303.6,"2026-09-10 00:00:00"
"TAA-20260910-000154","2026-09-10",2,"W02","AGV","EXPORT","AGV-154","SIM","Simulation AGV","CNTR-0000154","AGO-G-09","20","FULL","N","N","20GP","","2026-09-10 00:30:36","2026-09-10 00:54:36","2026-09-10 00:30:36","2026-09-10 00:30:46","2026-09-10 00:40:50","2026-09-10 00:41:00","2026-09-10 00:33:43","2026-09-10 00:34:01","2026-09-10 00:35:10","2026-09-10 00:35:30","SYNTHETIC","VOY-010",13,"AGO-000154","2026-09-10 00:33:36","Y","WI-0000154","ORC-0000154","SYN0000154","SIMULATOR","2026-09-10 00:30:41","2026-09-10 00:30:44","2026-09-10 00:33:35","2026-09-10 00:33:40","TP-F1-S-154","TP-F1-E-154","TP-F2-S-154","TP-F2-E-154","TP-L1-S-154","TP-L1-E-154","TP-L2-S-154","TP-L2-E-154","PB-FREE-10","PB-FULL-10",8277.9,"2026-09-10 00:00:00"
"TAA-20260910-000155","2026-09-10",2,"W03","AGV","IMPORT","AGV-155","SIM","Simulation AGV","CNTR-0000155","AGO-G-10","40","FULL","N","N","40HQ","","2026-09-10 00:30:48","2026-09-10 00:53:55","2026-09-10 00:30:48","2026-09-10 00:30:58","2026-09-10 00:40:59","2026-09-10 00:41:09","2026-09-10 00:35:00","2026-09-10 00:35:18","2026-09-10 00:36:51","2026-09-10 00:37:11","SYNTHETIC","VOY-011",14,"AGO-000155","2026-09-10 00:33:48","Y","WI-0000155","ORC-0000155","SYN0000155","SIMULATOR","2026-09-10 00:30:53","2026-09-10 00:30:56","2026-09-10 00:34:52","2026-09-10 00:34:57","TP-F1-S-155","TP-F1-E-155","TP-F2-S-155","TP-F2-E-155","TP-L1-S-155","TP-L1-E-155","TP-L2-S-155","TP-L2-E-155","PB-FREE-11","PB-FULL-11",8083.3,"2026-09-10 00:00:00"
